Event,Gender,Year,Label,CutType,Time,DupCheck
100 Back,Men,2025,2025 A,A,44.48,100 BackMen20252025 AA
100 Back,Men,2025,2025 B,B,47.16,100 BackMen20252025 BB
100 Breast,Men,2025,2025 A,A,51.02,100 BreastMen20252025 AA
100 Breast,Men,2025,2025 B,B,53.43,100 BreastMen20252025 BB
100 Fly,Men,2025,2025 A,A,44.51,100 FlyMen20252025 AA
100 Fly,Men,2025,2025 B,B,46.8,100 FlyMen20252025 BB
100 Free,Men,2025,2025 A,A,41.34,100 FreeMen20252025 AA
100 Free,Men,2025,2025 B,B,43.25,100 FreeMen20252025 BB
1650 Free,Men,2025,2025 A,A,14:37.31,1650 FreeMen20252025 AA
1650 Free,Men,2025,2025 B,B,15:21.20,1650 FreeMen20252025 BB
200 Back,Men,2025,2025 A,A,1:38.80,200 BackMen20252025 AA
200 Back,Men,2025,2025 B,B,1:44.03,200 BackMen20252025 BB
200 Breast,Men,2025,2025 A,A,1:50.65,200 BreastMen20252025 AA
200 Breast,Men,2025,2025 B,B,1:56.96,200 BreastMen20252025 BB
200 Fly,Men,2025,2025 A,A,1:40.05,200 FlyMen20252025 AA
200 Fly,Men,2025,2025 B,B,1:45.34,200 FlyMen20252025 BB
200 Free,Men,2025,2025 A,A,1:31.21,200 FreeMen20252025 AA
200 Free,Men,2025,2025 B,B,1:35.35,200 FreeMen20252025 BB
200 Free Relay,Men,2025,2025 A,A,1:16.51,200 Free RelayMen20252025 AA
200 Free Relay,Men,2025,2025 B,B,1:17.13,200 Free RelayMen20252025 BB
200 IM,Men,2025,2025 A,A,1:40.75,200 IMMen20252025 AA
200 IM,Men,2025,2025 B,B,1:45.68,200 IMMen20252025 BB
200 Medley Relay,Men,2025,2025 A,A,1:23.62,200 Medley RelayMen20252025 AA
200 Medley Relay,Men,2025,2025 B,B,1:23.90,200 Medley RelayMen20252025 BB
400 Free Relay,Men,2025,2025 A,A,2:49.79,400 Free RelayMen20252025 AA
400 Free Relay,Men,2025,2025 B,B,2:51.01,400 Free RelayMen20252025 BB
400 IM,Men,2025,2025 A,A,3:38.37,400 IMMen20252025 AA
400 IM,Men,2025,2025 B,B,3:49.53,400 IMMen20252025 BB
400 Medley Relay,Men,2025,2025 A,A,3:04.96,400 Medley RelayMen20252025 AA
400 Medley Relay,Men,2025,2025 B,B,3:06.37,400 Medley RelayMen20252025 BB
50 Free,Men,2025,2025 A,A,18.72,50 FreeMen20252025 AA
50 Free,Men,2025,2025 B,B,19.69,50 FreeMen20252025 BB
500 Free,Men,2025,2025 A,A,4:10.64,500 FreeMen20252025 AA
500 Free,Men,2025,2025 B,B,4:21.28,500 FreeMen20252025 BB
800 Free Relay,Men,2025,2025 A,A,6:15.80,800 Free RelayMen20252025 AA
800 Free Relay,Men,2025,2025 B,B,6:18.42,800 Free RelayMen20252025 BB
100 Back,Women,2025,2025 A,A,50.66,100 BackWomen20252025 AA
100 Back,Women,2025,2025 B,B,53.53,100 BackWomen20252025 BB
100 Breast,Women,2025,2025 A,A,58.01,100 BreastWomen20252025 AA
100 Breast,Women,2025,2025 B,B,1:01.22,100 BreastWomen20252025 BB
100 Fly,Women,2025,2025 A,A,50.52,100 FlyWomen20252025 AA
100 Fly,Women,2025,2025 B,B,53.34,100 FlyWomen20252025 BB
100 Free,Women,2025,2025 A,A,47.1,100 FreeWomen20252025 AA
100 Free,Women,2025,2025 B,B,49.18,100 FreeWomen20252025 BB
1650 Free,Women,2025,2025 A,A,15:52.41,1650 FreeWomen20252025 AA
1650 Free,Women,2025,2025 B,B,16:41.45,1650 FreeWomen20252025 BB
200 Back,Women,2025,2025 A,A,1:50.50,200 BackWomen20252025 AA
200 Back,Women,2025,2025 B,B,1:56.71,200 BackWomen20252025 BB
200 Breast,Women,2025,2025 A,A,2:05.73,200 BreastWomen20252025 AA
200 Breast,Women,2025,2025 B,B,2:13.28,200 BreastWomen20252025 BB
200 Fly,Women,2025,2025 A,A,1:52.47,200 FlyWomen20252025 AA
200 Fly,Women,2025,2025 B,B,1:58.93,200 FlyWomen20252025 BB
200 Free,Women,2025,2025 A,A,1:42.60,200 FreeWomen20252025 AA
200 Free,Women,2025,2025 B,B,1:46.85,200 FreeWomen20252025 BB
200 Free Relay,Women,2025,2025 A,A,1:28.42,200 Free RelayWomen20252025 AA
200 Free Relay,Women,2025,2025 B,B,1:29.00,200 Free RelayWomen20252025 BB
200 IM,Women,2025,2025 A,A,1:53.66,200 IMWomen20252025 AA
200 IM,Women,2025,2025 B,B,1:59.35,200 IMWomen20252025 BB
200 Medley Relay,Women,2025,2025 A,A,1:36.24,200 Medley RelayWomen20252025 AA
200 Medley Relay,Women,2025,2025 B,B,1:36.76,200 Medley RelayWomen20252025 BB
400 Free Relay,Women,2025,2025 A,A,3:13.74,400 Free RelayWomen20252025 AA
400 Free Relay,Women,2025,2025 B,B,3:15.28,400 Free RelayWomen20252025 BB
400 IM,Women,2025,2025 A,A,4:03.62,400 IMWomen20252025 AA
400 IM,Women,2025,2025 B,B,4:16.78,400 IMWomen20252025 BB
400 Medley Relay,Women,2025,2025 A,A,3:30.89,400 Medley RelayWomen20252025 AA
400 Medley Relay,Women,2025,2025 B,B,3:32.88,400 Medley RelayWomen20252025 BB
50 Free,Women,2025,2025 A,A,21.58,50 FreeWomen20252025 AA
50 Free,Women,2025,2025 B,B,22.58,50 FreeWomen20252025 BB
500 Free,Women,2025,2025 A,A,4:36.89,500 FreeWomen20252025 AA
500 Free,Women,2025,2025 B,B,4:47.20,500 FreeWomen20252025 BB
800 Free Relay,Women,2025,2025 A,A,7:00.86,800 Free RelayWomen20252025 AA
800 Free Relay,Women,2025,2025 B,B,7:05.56,800 Free RelayWomen20252025 BB
100 Back,Men,2024,2024 A,A,44.71,100 BackMen20242024 AA
100 Back,Men,2024,2024 B,B,47.47,100 BackMen20242024 BB
100 Back,Men,2024,2024 Invited,I,45.56,100 BackMen20242024 InvitedI
100 Breast,Men,2024,2024 A,A,51.1,100 BreastMen20242024 AA
100 Breast,Men,2024,2024 B,B,53.63,100 BreastMen20242024 BB
100 Breast,Men,2024,2024 Invited,I,51.89,100 BreastMen20242024 InvitedI
100 Fly,Men,2024,2024 A,A,44.64,100 FlyMen20242024 AA
100 Fly,Men,2024,2024 B,B,47.08,100 FlyMen20242024 BB
100 Fly,Men,2024,2024 Invited,I,45.37,100 FlyMen20242024 InvitedI
100 Free,Men,2024,2024 A,A,41.5,100 FreeMen20242024 AA
100 Free,Men,2024,2024 B,B,43.46,100 FreeMen20242024 BB
100 Free,Men,2024,2024 Invited,I,42.22,100 FreeMen20242024 InvitedI
1650 Free,Men,2024,2024 A,A,14:37.31,1650 FreeMen20242024 AA
1650 Free,Men,2024,2024 B,B,15:25.12,1650 FreeMen20242024 BB
1650 Free,Men,2024,2024 Invited,I,14:54.92,1650 FreeMen20242024 InvitedI
200 Back,Men,2024,2024 A,A,1:39.13,200 BackMen20242024 AA
200 Back,Men,2024,2024 B,B,1:44.60,200 BackMen20242024 BB
200 Back,Men,2024,2024 Invited,I,1:40.62,200 BackMen20242024 InvitedI
200 Breast,Men,2024,2024 A,A,1:51.09,200 BreastMen20242024 AA
200 Breast,Men,2024,2024 B,B,1:57.44,200 BreastMen20242024 BB
200 Breast,Men,2024,2024 Invited,I,1:53.12,200 BreastMen20242024 InvitedI
200 Fly,Men,2024,2024 A,A,1:40.16,200 FlyMen20242024 AA
200 Fly,Men,2024,2024 B,B,1:45.89,200 FlyMen20242024 BB
200 Fly,Men,2024,2024 Invited,I,1:42.10,200 FlyMen20242024 InvitedI
200 Free,Men,2024,2024 A,A,1:31.74,200 FreeMen20242024 AA
200 Free,Men,2024,2024 B,B,1:35.79,200 FreeMen20242024 BB
200 Free,Men,2024,2024 Invited,I,1:32.93,200 FreeMen20242024 InvitedI
200 Free Relay,Men,2024,2024 A,A,1:16.80,200 Free RelayMen20242024 AA
200 Free Relay,Men,2024,2024 B,B,1:17.38,200 Free RelayMen20242024 BB
200 Free Relay,Men,2024,2024 Invited,I,1:17.32,200 Free RelayMen20242024 InvitedI
200 IM,Men,2024,2024 A,A,1:41.03,200 IMMen20242024 AA
200 IM,Men,2024,2024 B,B,1:46.16,200 IMMen20242024 BB
200 IM,Men,2024,2024 Invited,I,1:43.05,200 IMMen20242024 InvitedI
200 Medley Relay,Men,2024,2024 A,A,1:23.71,200 Medley RelayMen20242024 AA
200 Medley Relay,Men,2024,2024 B,B,1:24.32,200 Medley RelayMen20242024 BB
200 Medley Relay,Men,2024,2024 Invited,I,1:24.25,200 Medley RelayMen20242024 InvitedI
400 Free Relay,Men,2024,2024 A,A,2:50.44,400 Free RelayMen20242024 AA
400 Free Relay,Men,2024,2024 B,B,2:51.86,400 Free RelayMen20242024 BB
400 Free Relay,Men,2024,2024 Invited,I,2:51.84,400 Free RelayMen20242024 InvitedI
400 IM,Men,2024,2024 A,A,3:38.90,400 IMMen20242024 AA
400 IM,Men,2024,2024 B,B,3:50.68,400 IMMen20242024 BB
400 IM,Men,2024,2024 Invited,I,3:42.93,400 IMMen20242024 InvitedI
400 Medley Relay,Men,2024,2024 A,A,3:04.96,400 Medley RelayMen20242024 AA
400 Medley Relay,Men,2024,2024 B,B,3:06.84,400 Medley RelayMen20242024 BB
400 Medley Relay,Men,2024,2024 Invited,I,3:06.70,400 Medley RelayMen20242024 InvitedI
50 Free,Men,2024,2024 A,A,18.82,50 FreeMen20242024 AA
50 Free,Men,2024,2024 B,B,19.79,50 FreeMen20242024 BB
50 Free,Men,2024,2024 Invited,I,19.13,50 FreeMen20242024 InvitedI
500 Free,Men,2024,2024 A,A,4:10.74,500 FreeMen20242024 AA
500 Free,Men,2024,2024 B,B,4:21.99,500 FreeMen20242024 BB
500 Free,Men,2024,2024 Invited,I,4:14.90,500 FreeMen20242024 InvitedI
800 Free Relay,Men,2024,2024 A,A,6:16.02,800 Free RelayMen20242024 AA
800 Free Relay,Men,2024,2024 B,B,6:18.94,800 Free RelayMen20242024 BB
800 Free Relay,Men,2024,2024 Invited,I,6:18.50,800 Free RelayMen20242024 InvitedI
100 Back,Women,2024,2024 A,A,50.88,100 BackWomen20242024 AA
100 Back,Women,2024,2024 B,B,53.82,100 BackWomen20242024 BB
100 Back,Women,2024,2024 Invited,I,52.28,100 BackWomen20242024 InvitedI
100 Breast,Women,2024,2024 A,A,58.02,100 BreastWomen20242024 AA
100 Breast,Women,2024,2024 B,B,1:01.46,100 BreastWomen20242024 BB
100 Breast,Women,2024,2024 Invited,I,59.75,100 BreastWomen20242024 InvitedI
100 Fly,Women,2024,2024 A,A,50.69,100 FlyWomen20242024 AA
100 Fly,Women,2024,2024 B,B,53.63,100 FlyWomen20242024 BB
100 Fly,Women,2024,2024 Invited,I,51.88,100 FlyWomen20242024 InvitedI
100 Free,Women,2024,2024 A,A,47.18,100 FreeWomen20242024 AA
100 Free,Women,2024,2024 B,B,49.36,100 FreeWomen20242024 BB
100 Free,Women,2024,2024 Invited,I,48.34,100 FreeWomen20242024 InvitedI
1650 Free,Women,2024,2024 A,A,15:52.41,1650 FreeWomen20242024 AA
1650 Free,Women,2024,2024 B,B,16:30.59,1650 FreeWomen20242024 BB
1650 Free,Women,2024,2024 Invited,I,16:14.82,1650 FreeWomen20242024 InvitedI
200 Back,Women,2024,2024 A,A,1:50.50,200 BackWomen20242024 AA
200 Back,Women,2024,2024 B,B,1:57.07,200 BackWomen20242024 BB
200 Back,Women,2024,2024 Invited,I,1:54.01,200 BackWomen20242024 InvitedI
200 Breast,Women,2024,2024 A,A,2:05.73,200 BreastWomen20242024 AA
200 Breast,Women,2024,2024 B,B,2:13.86,200 BreastWomen20242024 BB
200 Breast,Women,2024,2024 Invited,I,2:09.55,200 BreastWomen20242024 InvitedI
200 Fly,Women,2024,2024 A,A,1:52.86,200 FlyWomen20242024 AA
200 Fly,Women,2024,2024 B,B,1:59.23,200 FlyWomen20242024 BB
200 Fly,Women,2024,2024 Invited,I,1:55.88,200 FlyWomen20242024 InvitedI
200 Free,Women,2024,2024 A,A,1:42.84,200 FreeWomen20242024 AA
200 Free,Women,2024,2024 B,B,1:47.12,200 FreeWomen20242024 BB
200 Free,Women,2024,2024 Invited,I,1:44.80,200 FreeWomen20242024 InvitedI
200 Free Relay,Women,2024,2024 A,A,1:28.43,200 Free RelayWomen20242024 AA
200 Free Relay,Women,2024,2024 B,B,1:29.21,200 Free RelayWomen20242024 BB
200 Free Relay,Women,2024,2024 Invited,I,1:29.17,200 Free RelayWomen20242024 InvitedI
200 IM,Women,2024,2024 A,A,1:53.66,200 IMWomen20242024 AA
200 IM,Women,2024,2024 B,B,1:59.56,200 IMWomen20242024 BB
200 IM,Women,2024,2024 Invited,I,1:57.03,200 IMWomen20242024 InvitedI
200 Medley Relay,Women,2024,2024 A,A,1:36.24,200 Medley RelayWomen20242024 AA
200 Medley Relay,Women,2024,2024 B,B,1:37.00,200 Medley RelayWomen20242024 BB
200 Medley Relay,Women,2024,2024 Invited,I,1:36.79,200 Medley RelayWomen20242024 InvitedI
400 Free Relay,Women,2024,2024 A,A,3:14.10,400 Free RelayWomen20242024 AA
400 Free Relay,Women,2024,2024 B,B,3:16.25,400 Free RelayWomen20242024 BB
400 Free Relay,Women,2024,2024 Invited,I,3:16.11,400 Free RelayWomen20242024 InvitedI
400 IM,Women,2024,2024 A,A,4:03.62,400 IMWomen20242024 AA
400 IM,Women,2024,2024 B,B,4:17.30,400 IMWomen20242024 BB
400 IM,Women,2024,2024 Invited,I,4:10.74,400 IMWomen20242024 InvitedI
400 Medley Relay,Women,2024,2024 A,A,3:31.38,400 Medley RelayWomen20242024 AA
400 Medley Relay,Women,2024,2024 B,B,3:33.48,400 Medley RelayWomen20242024 BB
400 Medley Relay,Women,2024,2024 Invited,I,3:32.86,400 Medley RelayWomen20242024 InvitedI
50 Free,Women,2024,2024 A,A,21.63,50 FreeWomen20242024 AA
50 Free,Women,2024,2024 B,B,22.67,50 FreeWomen20242024 BB
50 Free,Women,2024,2024 Invited,I,22.11,50 FreeWomen20242024 InvitedI
500 Free,Women,2024,2024 A,A,4:37.89,500 FreeWomen20242024 AA
500 Free,Women,2024,2024 B,B,4:47.20,500 FreeWomen20242024 BB
500 Free,Women,2024,2024 Invited,I,4:41.19,500 FreeWomen20242024 InvitedI
800 Free Relay,Women,2024,2024 A,A,7:00.86,800 Free RelayWomen20242024 AA
800 Free Relay,Women,2024,2024 B,B,7:05.88,800 Free RelayWomen20242024 BB
800 Free Relay,Women,2024,2024 Invited,I,7:05.77,800 Free RelayWomen20242024 InvitedI
100 Back,Men,2023,2023 A,A,44.79,100 BackMen20232023 AA
100 Back,Men,2023,2023 B,B,47.59,100 BackMen20232023 BB
100 Back,Men,2023,2023 Invited,I,45.70,100 BackMen20232023 InvitedI
100 Breast,Men,2023,2023 A,A,51.40,100 BreastMen20232023 AA
100 Breast,Men,2023,2023 B,B,53.87,100 BreastMen20232023 BB
100 Breast,Men,2023,2023 Invited,I,51.90,100 BreastMen20232023 InvitedI
100 Fly,Men,2023,2023 A,A,44.82,100 FlyMen20232023 AA
100 Fly,Men,2023,2023 B,B,47.23,100 FlyMen20232023 BB
100 Fly,Men,2023,2023 Invited,I,45.57,100 FlyMen20232023 InvitedI
100 Free,Men,2023,2023 A,A,41.64,100 FreeMen20232023 AA
100 Free,Men,2023,2023 B,B,43.59,100 FreeMen20232023 BB
100 Free,Men,2023,2023 Invited,I,42.32,100 FreeMen20232023 InvitedI
1650 Free,Men,2023,2023 A,A,14:37.31,1650 FreeMen20232023 AA
1650 Free,Men,2023,2023 B,B,15:26.19,1650 FreeMen20232023 BB
1650 Free,Men,2023,2023 Invited,I,14:53.54,1650 FreeMen20232023 InvitedI
200 Back,Men,2023,2023 A,A,1:39.13,200 BackMen20232023 AA
200 Back,Men,2023,2023 B,B,1:44.82,200 BackMen20232023 BB
200 Back,Men,2023,2023 Invited,I,1:40.62,200 BackMen20232023 InvitedI
200 Breast,Men,2023,2023 A,A,1:51.54,200 BreastMen20232023 AA
200 Breast,Men,2023,2023 B,B,1:57.95,200 BreastMen20232023 BB
200 Breast,Men,2023,2023 Invited,I,1:52.94,200 BreastMen20232023 InvitedI
200 Fly,Men,2023,2023 A,A,1:40.20,200 FlyMen20232023 AA
200 Fly,Men,2023,2023 B,B,1:46.31,200 FlyMen20232023 BB
200 Fly,Men,2023,2023 Invited,I,1:42.57,200 FlyMen20232023 InvitedI
200 Free,Men,2023,2023 A,A,1:31.98,200 FreeMen20232023 AA
200 Free,Men,2023,2023 B,B,1:35.88,200 FreeMen20232023 BB
200 Free,Men,2023,2023 Invited,I,1:32.85,200 FreeMen20232023 InvitedI
200 Free Relay,Men,2023,2023 A,A,1:16.80,200 Free RelayMen20232023 AA
200 Free Relay,Men,2023,2023 B,B,1:17.58,200 Free RelayMen20232023 BB
200 Free Relay,Men,2023,2023 Invited,I,1:17.26,200 Free RelayMen20232023 InvitedI
200 IM,Men,2023,2023 A,A,1:41.22,200 IMMen20232023 AA
200 IM,Men,2023,2023 B,B,1:46.52,200 IMMen20232023 BB
200 IM,Men,2023,2023 Invited,I,1:43.14,200 IMMen20232023 InvitedI
200 Medley Relay,Men,2023,2023 A,A,1:23.76,200 Medley RelayMen20232023 AA
200 Medley Relay,Men,2023,2023 B,B,1:24.42,200 Medley RelayMen20232023 BB
200 Medley Relay,Men,2023,2023 Invited,I,1:24.22,200 Medley RelayMen20232023 InvitedI
400 Free Relay,Men,2023,2023 A,A,2:50.52,400 Free RelayMen20232023 AA
400 Free Relay,Men,2023,2023 B,B,2:52.44,400 Free RelayMen20232023 BB
400 Free Relay,Men,2023,2023 Invited,I,2:51.81,400 Free RelayMen20232023 InvitedI
400 IM,Men,2023,2023 A,A,3:39.16,400 IMMen20232023 AA
400 IM,Men,2023,2023 B,B,3:51.31,400 IMMen20232023 BB
400 IM,Men,2023,2023 Invited,I,3:42.99,400 IMMen20232023 InvitedI
400 Medley Relay,Men,2023,2023 A,A,3:04.96,400 Medley RelayMen20232023 AA
400 Medley Relay,Men,2023,2023 B,B,3:06.84,400 Medley RelayMen20232023 BB
400 Medley Relay,Men,2023,2023 Invited,I,3:06.82,400 Medley RelayMen20232023 InvitedI
50 Free,Men,2023,2023 A,A,18.88,50 FreeMen20232023 AA
50 Free,Men,2023,2023 B,B,19.82,50 FreeMen20232023 BB
50 Free,Men,2023,2023 Invited,I,19.21,50 FreeMen20232023 InvitedI
500 Free,Men,2023,2023 A,A,4:11.40,500 FreeMen20232023 AA
500 Free,Men,2023,2023 B,B,4:22.35,500 FreeMen20232023 BB
500 Free,Men,2023,2023 Invited,I,4:14.36,500 FreeMen20232023 InvitedI
800 Free Relay,Men,2023,2023 A,A,6:16.02,800 Free RelayMen20232023 AA
800 Free Relay,Men,2023,2023 B,B,6:20.41,800 Free RelayMen20232023 BB
800 Free Relay,Men,2023,2023 Invited,I,6:19.45,800 Free RelayMen20232023 InvitedI
100 Back,Women,2023,2023 A,A,50.89,100 BackWomen20232023 AA
100 Back,Women,2023,2023 B,B,53.91,100 BackWomen20232023 BB
100 Back,Women,2023,2023 Invited,I,52.36,100 BackWomen20232023 InvitedI
100 Breast,Women,2023,2023 A,A,58.10,100 BreastWomen20232023 AA
100 Breast,Women,2023,2023 B,B,1:01.56,100 BreastWomen20232023 BB
100 Breast,Women,2023,2023 Invited,I,59.73,100 BreastWomen20232023 InvitedI
100 Fly,Women,2023,2023 A,A,50.92,100 FlyWomen20232023 AA
100 Fly,Women,2023,2023 B,B,53.69,100 FlyWomen20232023 BB
100 Fly,Women,2023,2023 Invited,I,52.20,100 FlyWomen20232023 InvitedI
100 Free,Women,2023,2023 A,A,47.18,100 FreeWomen20232023 AA
100 Free,Women,2023,2023 B,B,49.44,100 FreeWomen20232023 BB
100 Free,Women,2023,2023 Invited,I,48.37,100 FreeWomen20232023 InvitedI
1650 Free,Women,2023,2023 A,A,15:52.41,1650 FreeWomen20232023 AA
1650 Free,Women,2023,2023 B,B,16:30.59,1650 FreeWomen20232023 BB
1650 Free,Women,2023,2023 Invited,I,16:13.73,1650 FreeWomen20232023 InvitedI
200 Back,Women,2023,2023 A,A,1:50.50,200 BackWomen20232023 AA
200 Back,Women,2023,2023 B,B,1:57.07,200 BackWomen20232023 BB
200 Back,Women,2023,2023 Invited,I,1:53.94,200 BackWomen20232023 InvitedI
200 Breast,Women,2023,2023 A,A,2:06.18,200 BreastWomen20232023 AA
200 Breast,Women,2023,2023 B,B,2:13.89,200 BreastWomen20232023 BB
200 Breast,Women,2023,2023 Invited,I,2:09.83,200 BreastWomen20232023 InvitedI
200 Fly,Women,2023,2023 A,A,1:52.86,200 FlyWomen20232023 AA
200 Fly,Women,2023,2023 B,B,1:59.23,200 FlyWomen20232023 BB
200 Fly,Women,2023,2023 Invited,I,1:55.92,200 FlyWomen20232023 InvitedI
200 Free,Women,2023,2023 A,A,1:42.84,200 FreeWomen20232023 AA
200 Free,Women,2023,2023 B,B,1:47.12,200 FreeWomen20232023 BB
200 Free,Women,2023,2023 Invited,I,1:45.31,200 FreeWomen20232023 InvitedI
200 Free Relay,Women,2023,2023 A,A,1:28.43,200 Free RelayWomen20232023 AA
200 Free Relay,Women,2023,2023 B,B,1:29.21,200 Free RelayWomen20232023 BB
200 Free Relay,Women,2023,2023 Invited,I,1:29.20,200 Free RelayWomen20232023 InvitedI
200 IM,Women,2023,2023 A,A,1:53.66,200 IMWomen20232023 AA
200 IM,Women,2023,2023 B,B,1:59.56,200 IMWomen20232023 BB
200 IM,Women,2023,2023 Invited,I,1:56.90,200 IMWomen20232023 InvitedI
200 Medley Relay,Women,2023,2023 A,A,1:36.24,200 Medley RelayWomen20232023 AA
200 Medley Relay,Women,2023,2023 B,B,1:37.02,200 Medley RelayWomen20232023 BB
200 Medley Relay,Women,2023,2023 Invited,I,1:36.96,200 Medley RelayWomen20232023 InvitedI
400 Free Relay,Women,2023,2023 A,A,3:14.10,400 Free RelayWomen20232023 AA
400 Free Relay,Women,2023,2023 B,B,3:16.32,400 Free RelayWomen20232023 BB
400 Free Relay,Women,2023,2023 Invited,I,3:15.97,400 Free RelayWomen20232023 InvitedI
400 IM,Women,2023,2023 A,A,4:03.62,400 IMWomen20232023 AA
400 IM,Women,2023,2023 B,B,4:17.30,400 IMWomen20232023 BB
400 IM,Women,2023,2023 Invited,I,4:11.36,400 IMWomen20232023 InvitedI
400 Medley Relay,Women,2023,2023 A,A,3:31.38,400 Medley RelayWomen20232023 AA
400 Medley Relay,Women,2023,2023 B,B,3:33.54,400 Medley RelayWomen20232023 BB
400 Medley Relay,Women,2023,2023 Invited,I,3:32.90,400 Medley RelayWomen20232023 InvitedI
50 Free,Women,2023,2023 A,A,21.66,50 FreeWomen20232023 AA
50 Free,Women,2023,2023 B,B,22.71,50 FreeWomen20232023 BB
50 Free,Women,2023,2023 Invited,I,22.15,50 FreeWomen20232023 InvitedI
500 Free,Women,2023,2023 A,A,4:35.76,500 FreeWomen20232023 AA
500 Free,Women,2023,2023 B,B,4:47.20,500 FreeWomen20232023 BB
500 Free,Women,2023,2023 Invited,I,4:41.09,500 FreeWomen20232023 InvitedI
800 Free Relay,Women,2023,2023 A,A,7:00.86,800 Free RelayWomen20232023 AA
800 Free Relay,Women,2023,2023 B,B,7:05.88,800 Free RelayWomen20232023 BB
800 Free Relay,Women,2023,2023 Invited,I,7:05.59,800 Free RelayWomen20232023 InvitedI
100 Back,Men,2022,2022 A,A,44.94,100 BackMen20222022 AA
100 Back,Men,2022,2022 B,B,47.77,100 BackMen20222022 BB
100 Back,Men,2022,2022 Invited,I,45.87,100 BackMen20222022 InvitedI
100 Breast,Men,2022,2022 A,A,51.59,100 BreastMen20222022 AA
100 Breast,Men,2022,2022 B,B,54.27,100 BreastMen20222022 BB
100 Breast,Men,2022,2022 Invited,I,52.20,100 BreastMen20222022 InvitedI
100 Fly,Men,2022,2022 A,A,44.96,100 FlyMen20222022 AA
100 Fly,Men,2022,2022 B,B,47.43,100 FlyMen20222022 BB
100 Fly,Men,2022,2022 Invited,I,45.57,100 FlyMen20222022 InvitedI
100 Free,Men,2022,2022 A,A,41.71,100 FreeMen20222022 AA
100 Free,Men,2022,2022 B,B,43.80,100 FreeMen20222022 BB
100 Free,Men,2022,2022 Invited,I,42.34,100 FreeMen20222022 InvitedI
1650 Free,Men,2022,2022 A,A,14:37.31,1650 FreeMen20222022 AA
1650 Free,Men,2022,2022 B,B,15:26.19,1650 FreeMen20222022 BB
1650 Free,Men,2022,2022 Invited,I,14:55.21,1650 FreeMen20222022 InvitedI
200 Back,Men,2022,2022 A,A,1:39.13,200 BackMen20222022 AA
200 Back,Men,2022,2022 B,B,1:45.04,200 BackMen20222022 BB
200 Back,Men,2022,2022 Invited,I,1:40.92,200 BackMen20222022 InvitedI
200 Breast,Men,2022,2022 A,A,1:52.28,200 BreastMen20222022 AA
200 Breast,Men,2022,2022 B,B,1:58.43,200 BreastMen20222022 BB
200 Breast,Men,2022,2022 Invited,I,1:53.23,200 BreastMen20222022 InvitedI
200 Fly,Men,2022,2022 A,A,1:40.44,200 FlyMen20222022 AA
200 Fly,Men,2022,2022 B,B,1:46.69,200 FlyMen20222022 BB
200 Fly,Men,2022,2022 Invited,I,1:42.42,200 FlyMen20222022 InvitedI
200 Free,Men,2022,2022 A,A,1:32.05,200 FreeMen20222022 AA
200 Free,Men,2022,2022 B,B,1:36.32,200 FreeMen20222022 BB
200 Free,Men,2022,2022 Invited,I,1:33.08,200 FreeMen20222022 InvitedI
200 Free Relay,Men,2022,2022 A,A,1:17.07,200 Free RelayMen20222022 AA
200 Free Relay,Men,2022,2022 B,B,1:17.80,200 Free RelayMen20222022 BB
200 Free Relay,Men,2022,2022 Invited,I,1:17.59,200 Free RelayMen20222022 InvitedI
200 IM,Men,2022,2022 A,A,1:41.34,200 IMMen20222022 AA
200 IM,Men,2022,2022 B,B,1:46.77,200 IMMen20222022 BB
200 IM,Men,2022,2022 Invited,I,1:43.36,200 IMMen20222022 InvitedI
200 Medley Relay,Men,2022,2022 A,A,1:24.22,200 Medley RelayMen20222022 AA
200 Medley Relay,Men,2022,2022 B,B,1:24.83,200 Medley RelayMen20222022 BB
200 Medley Relay,Men,2022,2022 Invited,I,1:24.83,200 Medley RelayMen20222022 InvitedI
400 Free Relay,Men,2022,2022 A,A,2:50.99,400 Free RelayMen20222022 AA
400 Free Relay,Men,2022,2022 B,B,2:52.46,400 Free RelayMen20222022 BB
400 Free Relay,Men,2022,2022 Invited,I,2:52.26,400 Free RelayMen20222022 InvitedI
400 IM,Men,2022,2022 A,A,3:39.16,400 IMMen20222022 AA
400 IM,Men,2022,2022 B,B,3:51.46,400 IMMen20222022 BB
400 IM,Men,2022,2022 Invited,I,3:43.50,400 IMMen20222022 InvitedI
400 Medley Relay,Men,2022,2022 A,A,3:05.47,400 Medley RelayMen20222022 AA
400 Medley Relay,Men,2022,2022 B,B,3:07.53,400 Medley RelayMen20222022 BB
400 Medley Relay,Men,2022,2022 Invited,I,3:07.29,400 Medley RelayMen20222022 InvitedI
50 Free,Men,2022,2022 A,A,18.96,50 FreeMen20222022 AA
50 Free,Men,2022,2022 B,B,19.96,50 FreeMen20222022 BB
50 Free,Men,2022,2022 Invited,I,19.28,50 FreeMen20222022 InvitedI
500 Free,Men,2022,2022 A,A,4:11.62,500 FreeMen20222022 AA
500 Free,Men,2022,2022 B,B,4:23.34,500 FreeMen20222022 BB
500 Free,Men,2022,2022 Invited,I,4:14.96,500 FreeMen20222022 InvitedI
800 Free Relay,Men,2022,2022 A,A,6:16.80,800 Free RelayMen20222022 AA
800 Free Relay,Men,2022,2022 B,B,6:21.32,800 Free RelayMen20222022 BB
800 Free Relay,Men,2022,2022 Invited,I,6:20.68,800 Free RelayMen20222022 InvitedI
100 Back,Women,2022,2022 A,A,50.93,100 BackWomen20222022 AA
100 Back,Women,2022,2022 B,B,53.94,100 BackWomen20222022 BB
100 Back,Women,2022,2022 Invited,I,52.46,100 BackWomen20222022 InvitedI
100 Breast,Women,2022,2022 A,A,58.46,100 BreastWomen20222022 AA
100 Breast,Women,2022,2022 B,B,1:01.84,100 BreastWomen20222022 BB
100 Breast,Women,2022,2022 Invited,I,59.87,100 BreastWomen20222022 InvitedI
100 Fly,Women,2022,2022 A,A,50.92,100 FlyWomen20222022 AA
100 Fly,Women,2022,2022 B,B,53.76,100 FlyWomen20222022 BB
100 Fly,Women,2022,2022 Invited,I,52.35,100 FlyWomen20222022 InvitedI
100 Free,Women,2022,2022 A,A,47.18,100 FreeWomen20222022 AA
100 Free,Women,2022,2022 B,B,49.51,100 FreeWomen20222022 BB
100 Free,Women,2022,2022 Invited,I,48.44,100 FreeWomen20222022 InvitedI
1650 Free,Women,2022,2022 A,A,15:52.41,1650 FreeWomen20222022 AA
1650 Free,Women,2022,2022 B,B,16:30.59,1650 FreeWomen20222022 BB
1650 Free,Women,2022,2022 Invited,I,16:16.47,1650 FreeWomen20222022 InvitedI
200 Back,Women,2022,2022 A,A,1:50.50,200 BackWomen20222022 AA
200 Back,Women,2022,2022 B,B,1:57.11,200 BackWomen20222022 BB
200 Back,Women,2022,2022 Invited,I,1:53.97,200 BackWomen20222022 InvitedI
200 Breast,Women,2022,2022 A,A,2:06.58,200 BreastWomen20222022 AA
200 Breast,Women,2022,2022 B,B,2:13.97,200 BreastWomen20222022 BB
200 Breast,Women,2022,2022 Invited,I,2:09.15,200 BreastWomen20222022 InvitedI
200 Fly,Women,2022,2022 A,A,1:53.20,200 FlyWomen20222022 AA
200 Fly,Women,2022,2022 B,B,1:59.23,200 FlyWomen20222022 BB
200 Fly,Women,2022,2022 Invited,I,1:56.14,200 FlyWomen20222022 InvitedI
200 Free,Women,2022,2022 A,A,1:42.98,200 FreeWomen20222022 AA
200 Free,Women,2022,2022 B,B,1:47.12,200 FreeWomen20222022 BB
200 Free,Women,2022,2022 Invited,I,1:45.42,200 FreeWomen20222022 InvitedI
200 Free Relay,Women,2022,2022 A,A,1:28.43,200 Free RelayWomen20222022 AA
200 Free Relay,Women,2022,2022 B,B,1:29.21,200 Free RelayWomen20222022 BB
200 Free Relay,Women,2022,2022 Invited,I,1:29.06,200 Free RelayWomen20222022 InvitedI
200 IM,Women,2022,2022 A,A,1:53.66,200 IMWomen20222022 AA
200 IM,Women,2022,2022 B,B,1:59.94,200 IMWomen20222022 BB
200 IM,Women,2022,2022 Invited,I,1:56.85,200 IMWomen20222022 InvitedI
200 Medley Relay,Women,2022,2022 A,A,1:36.40,200 Medley RelayWomen20222022 AA
200 Medley Relay,Women,2022,2022 B,B,1:37.05,200 Medley RelayWomen20222022 BB
200 Medley Relay,Women,2022,2022 Invited,I,1:36.85,200 Medley RelayWomen20222022 InvitedI
400 Free Relay,Women,2022,2022 A,A,3:14.50,400 Free RelayWomen20222022 AA
400 Free Relay,Women,2022,2022 B,B,3:16.35,400 Free RelayWomen20222022 BB
400 Free Relay,Women,2022,2022 Invited,I,3:16.07,400 Free RelayWomen20222022 InvitedI
400 IM,Women,2022,2022 A,A,4:03.62,400 IMWomen20222022 AA
400 IM,Women,2022,2022 B,B,4:17.30,400 IMWomen20222022 BB
400 IM,Women,2022,2022 Invited,I,4:11.60,400 IMWomen20222022 InvitedI
400 Medley Relay,Women,2022,2022 A,A,3:31.66,400 Medley RelayWomen20222022 AA
400 Medley Relay,Women,2022,2022 B,B,3:33.78,400 Medley RelayWomen20222022 BB
400 Medley Relay,Women,2022,2022 Invited,I,3:33.63,400 Medley RelayWomen20222022 InvitedI
50 Free,Women,2022,2022 A,A,21.66,50 FreeWomen20222022 AA
50 Free,Women,2022,2022 B,B,22.76,50 FreeWomen20222022 BB
50 Free,Women,2022,2022 Invited,I,22.16,50 FreeWomen20222022 InvitedI
500 Free,Women,2022,2022 A,A,4:35.76,500 FreeWomen20222022 AA
500 Free,Women,2022,2022 B,B,4:47.20,500 FreeWomen20222022 BB
500 Free,Women,2022,2022 Invited,I,4:43.08,500 FreeWomen20222022 InvitedI
800 Free Relay,Women,2022,2022 A,A,7:00.86,800 Free RelayWomen20222022 AA
800 Free Relay,Women,2022,2022 B,B,7:05.88,800 Free RelayWomen20222022 BB
800 Free Relay,Women,2022,2022 Invited,I,7:05.72,800 Free RelayWomen20222022 InvitedI
100 Back,Men,2021,2021 A,A,44.95,100 BackMen20212021 AA
100 Back,Men,2021,2021 B,B,47.77,100 BackMen20212021 BB
100 Back,Men,2021,2021 Invited,I,46.37,100 BackMen20212021 InvitedI
100 Breast,Men,2021,2021 A,A,51.67,100 BreastMen20212021 AA
100 Breast,Men,2021,2021 B,B,54.27,100 BreastMen20212021 BB
100 Breast,Men,2021,2021 Invited,I,52.40,100 BreastMen20212021 InvitedI
100 Fly,Men,2021,2021 A,A,45.05,100 FlyMen20212021 AA
100 Fly,Men,2021,2021 B,B,47.43,100 FlyMen20212021 BB
100 Fly,Men,2021,2021 Invited,I,46.29,100 FlyMen20212021 InvitedI
100 Free,Men,2021,2021 A,A,41.71,100 FreeMen20212021 AA
100 Free,Men,2021,2021 B,B,43.80,100 FreeMen20212021 BB
100 Free,Men,2021,2021 Invited,I,42.88,100 FreeMen20212021 InvitedI
1650 Free,Men,2021,2021 A,A,14:37.31,1650 FreeMen20212021 AA
1650 Free,Men,2021,2021 B,B,15:26.19,1650 FreeMen20212021 BB
1650 Free,Men,2021,2021 Invited,I,15:01.33,1650 FreeMen20212021 InvitedI
200 Back,Men,2021,2021 A,A,1:39.16,200 BackMen20212021 AA
200 Back,Men,2021,2021 B,B,1:45.04,200 BackMen20212021 BB
200 Back,Men,2021,2021 Invited,I,1:41.81,200 BackMen20212021 InvitedI
200 Breast,Men,2021,2021 A,A,1:52.61,200 BreastMen20212021 AA
200 Breast,Men,2021,2021 B,B,1:58.43,200 BreastMen20212021 BB
200 Breast,Men,2021,2021 Invited,I,1:54.28,200 BreastMen20212021 InvitedI
200 Fly,Men,2021,2021 A,A,1:40.76,200 FlyMen20212021 AA
200 Fly,Men,2021,2021 B,B,1:46.69,200 FlyMen20212021 BB
200 Fly,Men,2021,2021 Invited,I,1:43.47,200 FlyMen20212021 InvitedI
200 Free,Men,2021,2021 A,A,1:32.05,200 FreeMen20212021 AA
200 Free,Men,2021,2021 B,B,1:36.32,200 FreeMen20212021 BB
200 Free,Men,2021,2021 Invited,I,1:34.04,200 FreeMen20212021 InvitedI
200 Free Relay,Men,2021,2021 Invited,I,1:17.86,200 Free RelayMen20212021 InvitedI
200 IM,Men,2021,2021 A,A,1:41.34,200 IMMen20212021 AA
200 IM,Men,2021,2021 B,B,1:46.77,200 IMMen20212021 BB
200 IM,Men,2021,2021 Invited,I,1:44.15,200 IMMen20212021 InvitedI
200 Medley Relay,Men,2021,2021 Invited,I,1:24.86,200 Medley RelayMen20212021 InvitedI
400 Free Relay,Men,2021,2021 Invited,I,2:51.79,400 Free RelayMen20212021 InvitedI
400 IM,Men,2021,2021 A,A,3:39.16,400 IMMen20212021 AA
400 IM,Men,2021,2021 B,B,3:51.46,400 IMMen20212021 BB
400 IM,Men,2021,2021 Invited,I,3:45.67,400 IMMen20212021 InvitedI
400 Medley Relay,Men,2021,2021 Invited,I,3:07.65,400 Medley RelayMen20212021 InvitedI
50 Free,Men,2021,2021 A,A,18.96,50 FreeMen20212021 AA
50 Free,Men,2021,2021 B,B,19.96,50 FreeMen20212021 BB
50 Free,Men,2021,2021 Invited,I,19.46,50 FreeMen20212021 InvitedI
500 Free,Men,2021,2021 A,A,4:11.82,500 FreeMen20212021 AA
500 Free,Men,2021,2021 B,B,4:23.34,500 FreeMen20212021 BB
500 Free,Men,2021,2021 Invited,I,4:16.75,500 FreeMen20212021 InvitedI
800 Free Relay,Men,2021,2021 Invited,I,6:20.96,800 Free RelayMen20212021 InvitedI
100 Back,Women,2021,2021 A,A,50.93,100 BackWomen20212021 AA
100 Back,Women,2021,2021 B,B,53.94,100 BackWomen20212021 BB
100 Back,Women,2021,2021 Invited,I,53.01,100 BackWomen20212021 InvitedI
100 Breast,Women,2021,2021 A,A,58.60,100 BreastWomen20212021 AA
100 Breast,Women,2021,2021 B,B,1:01.84,100 BreastWomen20212021 BB
100 Breast,Women,2021,2021 Invited,I,1:00.12,100 BreastWomen20212021 InvitedI
100 Fly,Women,2021,2021 A,A,50.92,100 FlyWomen20212021 AA
100 Fly,Women,2021,2021 B,B,53.76,100 FlyWomen20212021 BB
100 Fly,Women,2021,2021 Invited,I,52.70,100 FlyWomen20212021 InvitedI
100 Free,Women,2021,2021 A,A,47.18,100 FreeWomen20212021 AA
100 Free,Women,2021,2021 B,B,49.51,100 FreeWomen20212021 BB
100 Free,Women,2021,2021 Invited,I,48.76,100 FreeWomen20212021 InvitedI
1650 Free,Women,2021,2021 A,A,15:52.41,1650 FreeWomen20212021 AA
1650 Free,Women,2021,2021 B,B,16:30.59,1650 FreeWomen20212021 BB
1650 Free,Women,2021,2021 Invited,I,16:25.47,1650 FreeWomen20212021 InvitedI
200 Back,Women,2021,2021 A,A,1:50.50,200 BackWomen20212021 AA
200 Back,Women,2021,2021 B,B,1:57.11,200 BackWomen20212021 BB
200 Back,Women,2021,2021 Invited,I,1:55.05,200 BackWomen20212021 InvitedI
200 Breast,Women,2021,2021 A,A,2:06.84,200 BreastWomen20212021 AA
200 Breast,Women,2021,2021 B,B,2:13.97,200 BreastWomen20212021 BB
200 Breast,Women,2021,2021 Invited,I,2:10.37,200 BreastWomen20212021 InvitedI
200 Fly,Women,2021,2021 A,A,1:53.20,200 FlyWomen20212021 AA
200 Fly,Women,2021,2021 B,B,1:59.23,200 FlyWomen20212021 BB
200 Fly,Women,2021,2021 Invited,I,1:57.42,200 FlyWomen20212021 InvitedI
200 Free,Women,2021,2021 A,A,1:42.98,200 FreeWomen20212021 AA
200 Free,Women,2021,2021 B,B,1:47.12,200 FreeWomen20212021 BB
200 Free,Women,2021,2021 Invited,I,1:46.25,200 FreeWomen20212021 InvitedI
200 Free Relay,Women,2021,2021 A,A,1:28.43,200 Free RelayWomen20212021 AA
200 Free Relay,Women,2021,2021 B,B,1:29.21,200 Free RelayWomen20212021 BB
200 Free Relay,Women,2021,2021 Invited,I,1:29.12,200 Free RelayWomen20212021 InvitedI
200 IM,Women,2021,2021 A,A,1:53.66,200 IMWomen20212021 AA
200 IM,Women,2021,2021 B,B,1:59.94,200 IMWomen20212021 BB
200 IM,Women,2021,2021 Invited,I,1:57.62,200 IMWomen20212021 InvitedI
200 Medley Relay,Women,2021,2021 A,A,1:36.40,200 Medley RelayWomen20212021 AA
200 Medley Relay,Women,2021,2021 B,B,1:37.05,200 Medley RelayWomen20212021 BB
200 Medley Relay,Women,2021,2021 Invited,I,1:36.85,200 Medley RelayWomen20212021 InvitedI
400 Free Relay,Women,2021,2021 A,A,3:14.61,400 Free RelayWomen20212021 AA
400 Free Relay,Women,2021,2021 B,B,3:16.35,400 Free RelayWomen20212021 BB
400 Free Relay,Women,2021,2021 Invited,I,3:16.07,400 Free RelayWomen20212021 InvitedI
400 IM,Women,2021,2021 A,A,4:03.62,400 IMWomen20212021 AA
400 IM,Women,2021,2021 B,B,4:17.30,400 IMWomen20212021 BB
400 IM,Women,2021,2021 Invited,I,4:13.19,400 IMWomen20212021 InvitedI
400 Medley Relay,Women,2021,2021 A,A,3:31.66,400 Medley RelayWomen20212021 AA
400 Medley Relay,Women,2021,2021 B,B,3:33.78,400 Medley RelayWomen20212021 BB
400 Medley Relay,Women,2021,2021 Invited,I,3:33.78,400 Medley RelayWomen20212021 InvitedI
50 Free,Women,2021,2021 A,A,21.66,50 FreeWomen20212021 AA
50 Free,Women,2021,2021 B,B,22.76,50 FreeWomen20212021 BB
50 Free,Women,2021,2021 Invited,I,22.32,50 FreeWomen20212021 InvitedI
500 Free,Women,2021,2021 A,A,4:35.76,500 FreeWomen20212021 AA
500 Free,Women,2021,2021 B,B,4:47.20,500 FreeWomen20212021 BB
500 Free,Women,2021,2021 Invited,I,4:44.77,500 FreeWomen20212021 InvitedI
800 Free Relay,Women,2021,2021 A,A,7:00.86,800 Free RelayWomen20212021 AA
800 Free Relay,Women,2021,2021 B,B,7:05.88,800 Free RelayWomen20212021 BB
800 Free Relay,Women,2021,2021 Invited,I,7:04.91,800 Free RelayWomen20212021 InvitedI
100 Back,Men,2020,2020 A,A,44.95,100 BackMen20202020 AA
100 Back,Men,2020,2020 B,B,47.77,100 BackMen20202020 BB
100 Back,Men,2020,2020 Invited,I,46.22,100 BackMen20202020 InvitedI
100 Breast,Men,2020,2020 A,A,51.67,100 BreastMen20202020 AA
100 Breast,Men,2020,2020 B,B,54.27,100 BreastMen20202020 BB
100 Breast,Men,2020,2020 Invited,I,52.46,100 BreastMen20202020 InvitedI
100 Fly,Men,2020,2020 A,A,45.05,100 FlyMen20202020 AA
100 Fly,Men,2020,2020 B,B,47.43,100 FlyMen20202020 BB
100 Fly,Men,2020,2020 Invited,I,45.97,100 FlyMen20202020 InvitedI
100 Free,Men,2020,2020 A,A,41.71,100 FreeMen20202020 AA
100 Free,Men,2020,2020 B,B,43.8,100 FreeMen20202020 BB
100 Free,Men,2020,2020 Invited,I,42.57,100 FreeMen20202020 InvitedI
1650 Free,Men,2020,2020 A,A,14:37.31,1650 FreeMen20202020 AA
1650 Free,Men,2020,2020 B,B,15:26.19,1650 FreeMen20202020 BB
1650 Free,Men,2020,2020 Invited,I,14:57.07,1650 FreeMen20202020 InvitedI
200 Back,Men,2020,2020 A,A,1:39.16,200 BackMen20202020 AA
200 Back,Men,2020,2020 B,B,1:45.04,200 BackMen20202020 BB
200 Back,Men,2020,2020 Invited,I,1:41.49,200 BackMen20202020 InvitedI
200 Breast,Men,2020,2020 A,A,1:52.61,200 BreastMen20202020 AA
200 Breast,Men,2020,2020 B,B,1:58.43,200 BreastMen20202020 BB
200 Breast,Men,2020,2020 Invited,I,1:54.03,200 BreastMen20202020 InvitedI
200 Fly,Men,2020,2020 A,A,1:40.76,200 FlyMen20202020 AA
200 Fly,Men,2020,2020 B,B,1:46.69,200 FlyMen20202020 BB
200 Fly,Men,2020,2020 Invited,I,1:43.18,200 FlyMen20202020 InvitedI
200 Free,Men,2020,2020 A,A,1:32.05,200 FreeMen20202020 AA
200 Free,Men,2020,2020 B,B,1:36.32,200 FreeMen20202020 BB
200 Free,Men,2020,2020 Invited,I,1:34.07,200 FreeMen20202020 InvitedI
200 IM,Men,2020,2020 A,A,1:41.34,200 IMMen20202020 AA
200 IM,Men,2020,2020 B,B,1:46.77,200 IMMen20202020 BB
200 IM,Men,2020,2020 Invited,I,1:43.79,200 IMMen20202020 InvitedI
400 IM,Men,2020,2020 A,A,3:39.16,400 IMMen20202020 AA
400 IM,Men,2020,2020 B,B,3:51.46,400 IMMen20202020 BB
400 IM,Men,2020,2020 Invited,I,3:44.36,400 IMMen20202020 InvitedI
50 Free,Men,2020,2020 A,A,18.96,50 FreeMen20202020 AA
50 Free,Men,2020,2020 B,B,19.96,50 FreeMen20202020 BB
500 Free,Men,2020,2020 A,A,4:11.82,500 FreeMen20202020 AA
500 Free,Men,2020,2020 B,B,4:23.34,500 FreeMen20202020 BB
500 Free,Men,2020,2020 Invited,I,4:16.49,500 FreeMen20202020 InvitedI
100 Back,Women,2020,2020 A,A,50.93,100 BackWomen20202020 AA
100 Back,Women,2020,2020 B,B,53.94,100 BackWomen20202020 BB
100 Back,Women,2020,2020 Invited,I,52.73,100 BackWomen20202020 InvitedI
100 Breast,Women,2020,2020 A,A,58.60,100 BreastWomen20202020 AA
100 Breast,Women,2020,2020 B,B,1:01.84,100 BreastWomen20202020 BB
100 Breast,Women,2020,2020 Invited,I,59.98,100 BreastWomen20202020 InvitedI
100 Fly,Women,2020,2020 A,A,50.92,100 FlyWomen20202020 AA
100 Fly,Women,2020,2020 B,B,53.76,100 FlyWomen20202020 BB
100 Fly,Women,2020,2020 Invited,I,52.34,100 FlyWomen20202020 InvitedI
100 Free,Women,2020,2020 A,A,47.18,100 FreeWomen20202020 AA
100 Free,Women,2020,2020 B,B,49.51,100 FreeWomen20202020 BB
100 Free,Women,2020,2020 Invited,I,48.51,100 FreeWomen20202020 InvitedI
1650 Free,Women,2020,2020 A,A,15:52.41,1650 FreeWomen20202020 AA
1650 Free,Women,2020,2020 B,B,16:30.59,1650 FreeWomen20202020 BB
1650 Free,Women,2020,2020 Invited,I,16:17.45,1650 FreeWomen20202020 InvitedI
200 Back,Women,2020,2020 A,A,1:50.50,200 BackWomen20202020 AA
200 Back,Women,2020,2020 B,B,1:57.11,200 BackWomen20202020 BB
200 Back,Women,2020,2020 Invited,I,1:53.99,200 BackWomen20202020 InvitedI
200 Breast,Women,2020,2020 A,A,2:06.84,200 BreastWomen20202020 AA
200 Breast,Women,2020,2020 B,B,2:13.97,200 BreastWomen20202020 BB
200 Breast,Women,2020,2020 Invited,I,2:10.12,200 BreastWomen20202020 InvitedI
200 Fly,Women,2020,2020 A,A,1:53.20,200 FlyWomen20202020 AA
200 Fly,Women,2020,2020 B,B,1:59.23,200 FlyWomen20202020 BB
200 Fly,Women,2020,2020 Invited,I,1:56.06,200 FlyWomen20202020 InvitedI
200 Free,Women,2020,2020 A,A,1:42.98,200 FreeWomen20202020 AA
200 Free,Women,2020,2020 B,B,1:47.12,200 FreeWomen20202020 BB
200 Free,Women,2020,2020 Invited,I,1:45.23,200 FreeWomen20202020 InvitedI
200 Free Relay,Women,2020,2020 A,A,1:28.43,200 Free RelayWomen20202020 AA
200 Free Relay,Women,2020,2020 B,B,1:29.21,200 Free RelayWomen20202020 BB
200 Free Relay,Women,2020,2020 Invited,I,1:29.21,200 Free RelayWomen20202020 InvitedI
200 IM,Women,2020,2020 A,A,1:53.66,200 IMWomen20202020 AA
200 IM,Women,2020,2020 B,B,1:59.94,200 IMWomen20202020 BB
200 IM,Women,2020,2020 Invited,I,1:57.31,200 IMWomen20202020 InvitedI
200 Medley Relay,Women,2020,2020 A,A,1:36.40,200 Medley RelayWomen20202020 AA
200 Medley Relay,Women,2020,2020 B,B,1:37.05,200 Medley RelayWomen20202020 BB
200 Medley Relay,Women,2020,2020 Invited,I,1:37.04,200 Medley RelayWomen20202020 InvitedI
400 Free Relay,Women,2020,2020 A,A,3:14.61,400 Free RelayWomen20202020 AA
400 Free Relay,Women,2020,2020 B,B,3:16.35,400 Free RelayWomen20202020 BB
400 Free Relay,Women,2020,2020 Invited,I,3:15.92,400 Free RelayWomen20202020 InvitedI
400 IM,Women,2020,2020 A,A,4:03.62,400 IMWomen20202020 AA
400 IM,Women,2020,2020 B,B,4:17.30,400 IMWomen20202020 BB
400 IM,Women,2020,2020 Invited,I,4:10.39,400 IMWomen20202020 InvitedI
400 Medley Relay,Women,2020,2020 A,A,3:31.66,400 Medley RelayWomen20202020 AA
400 Medley Relay,Women,2020,2020 B,B,3:33.78,400 Medley RelayWomen20202020 BB
400 Medley Relay,Women,2020,2020 Invited,I,3:33.76,400 Medley RelayWomen20202020 InvitedI
50 Free,Women,2020,2020 A,A,21.66,50 FreeWomen20202020 AA
50 Free,Women,2020,2020 B,B,22.76,50 FreeWomen20202020 BB
50 Free,Women,2020,2020 Invited,I,22.21,50 FreeWomen20202020 InvitedI
500 Free,Women,2020,2020 A,A,4:35.76,500 FreeWomen20202020 AA
500 Free,Women,2020,2020 B,B,4:47.20,500 FreeWomen20202020 BB
500 Free,Women,2020,2020 Invited,I,4:41.20,500 FreeWomen20202020 InvitedI
800 Free Relay,Women,2020,2020 A,A,7:00.86,800 Free RelayWomen20202020 AA
800 Free Relay,Women,2020,2020 B,B,7:05.88,800 Free RelayWomen20202020 BB
800 Free Relay,Women,2020,2020 Invited,I,7:05.88,800 Free RelayWomen20202020 InvitedI
100 Back,Men,2019,2019 A,A,45.12,100 BackMen20192019 AA
100 Back,Men,2019,2019 B,B,47.77,100 BackMen20192019 BB
100 Back,Men,2019,2019 Invited,I,46.06,100 BackMen20192019 InvitedI
100 Breast,Men,2019,2019 A,A,51.73,100 BreastMen20192019 AA
100 Breast,Men,2019,2019 B,B,54.27,100 BreastMen20192019 BB
100 Breast,Men,2019,2019 Invited,I,52.52,100 BreastMen20192019 InvitedI
100 Fly,Men,2019,2019 A,A,45.24,100 FlyMen20192019 AA
100 Fly,Men,2019,2019 B,B,47.43,100 FlyMen20192019 BB
100 Fly,Men,2019,2019 Invited,I,45.9,100 FlyMen20192019 InvitedI
100 Free,Men,2019,2019 A,A,41.88,100 FreeMen20192019 AA
100 Free,Men,2019,2019 B,B,43.80,100 FreeMen20192019 BB
100 Free,Men,2019,2019 Invited,I,42.54,100 FreeMen20192019 InvitedI
1650 Free,Men,2019,2019 A,A,14:39.56,1650 FreeMen20192019 AA
1650 Free,Men,2019,2019 B,B,15:26.19,1650 FreeMen20192019 BB
1650 Free,Men,2019,2019 Invited,I,14:54.65,1650 FreeMen20192019 InvitedI
200 Back,Men,2019,2019 A,A,1:39.38,200 BackMen20192019 AA
200 Back,Men,2019,2019 B,B,1:45.04,200 BackMen20192019 BB
200 Back,Men,2019,2019 Invited,I,1:41.32,200 BackMen20192019 InvitedI
200 Breast,Men,2019,2019 A,A,1:52.94,200 BreastMen20192019 AA
200 Breast,Men,2019,2019 B,B,1:58.43,200 BreastMen20192019 BB
200 Breast,Men,2019,2019 Invited,I,1:54.04,200 BreastMen20192019 InvitedI
200 Fly,Men,2019,2019 A,A,1:41.02,200 FlyMen20192019 AA
200 Fly,Men,2019,2019 B,B,1:46.69,200 FlyMen20192019 BB
200 Fly,Men,2019,2019 Invited,I,1:42.35,200 FlyMen20192019 InvitedI
200 Free,Men,2019,2019 A,A,1:32.13,200 FreeMen20192019 AA
200 Free,Men,2019,2019 B,B,1:36.32,200 FreeMen20192019 BB
200 Free,Men,2019,2019 Invited,I,1:34.21,200 FreeMen20192019 InvitedI
200 IM,Men,2019,2019 A,A,1:41.34,200 IMMen20192019 AA
200 IM,Men,2019,2019 B,B,1:46.77,200 IMMen20192019 BB
200 IM,Men,2019,2019 Invited,I,1:43.82,200 IMMen20192019 InvitedI
400 IM,Men,2019,2019 A,A,3:39.37,400 IMMen20192019 AA
400 IM,Men,2019,2019 B,B,3:51.46,400 IMMen20192019 BB
400 IM,Men,2019,2019 Invited,I,3:43.64,400 IMMen20192019 InvitedI
50 Free,Men,2019,2019 A,A,19.00,50 FreeMen20192019 AA
50 Free,Men,2019,2019 B,B,19.96,50 FreeMen20192019 BB
50 Free,Men,2019,2019 Invited,I,19.38,50 FreeMen20192019 InvitedI
500 Free,Men,2019,2019 A,A,4:12.22,500 FreeMen20192019 AA
500 Free,Men,2019,2019 B,B,4:23.34,500 FreeMen20192019 BB
500 Free,Men,2019,2019 Invited,I,4:16.04,500 FreeMen20192019 InvitedI
100 Back,Women,2019,2019 A,A,50.99,100 BackWomen20192019 AA
100 Back,Women,2019,2019 B,B,53.94,100 BackWomen20192019 BB
100 Back,Women,2019,2019 Invited,I,52.46,100 BackWomen20192019 InvitedI
100 Breast,Women,2019,2019 A,A,58.79,100 BreastWomen20192019 AA
100 Breast,Women,2019,2019 B,B,1:01.84,100 BreastWomen20192019 BB
100 Breast,Women,2019,2019 Invited,I,59.93,100 BreastWomen20192019 InvitedI
100 Fly,Women,2019,2019 A,A,51.03,100 FlyWomen20192019 AA
100 Fly,Women,2019,2019 B,B,53.76,100 FlyWomen20192019 BB
100 Fly,Women,2019,2019 Invited,I,52.34,100 FlyWomen20192019 InvitedI
100 Free,Women,2019,2019 A,A,47.35,100 FreeWomen20192019 AA
100 Free,Women,2019,2019 B,B,49.51,100 FreeWomen20192019 BB
100 Free,Women,2019,2019 Invited,I,48.56,100 FreeWomen20192019 InvitedI
1650 Free,Women,2019,2019 A,A,15:53.50,1650 FreeWomen20192019 AA
1650 Free,Women,2019,2019 B,B,16:30.59,1650 FreeWomen20192019 BB
1650 Free,Women,2019,2019 Invited,I,16:14.21,1650 FreeWomen20192019 InvitedI
200 Back,Women,2019,2019 A,A,1:50.50,200 BackWomen20192019 AA
200 Back,Women,2019,2019 B,B,1:57.11,200 BackWomen20192019 BB
200 Back,Women,2019,2019 Invited,I,1:54.01,200 BackWomen20192019 InvitedI
200 Breast,Women,2019,2019 A,A,2:06.94,200 BreastWomen20192019 AA
200 Breast,Women,2019,2019 B,B,2:13.97,200 BreastWomen20192019 BB
200 Breast,Women,2019,2019 Invited,I,2:09.77,200 BreastWomen20192019 InvitedI
200 Fly,Women,2019,2019 A,A,1:53.48,200 FlyWomen20192019 AA
200 Fly,Women,2019,2019 B,B,1:59.23,200 FlyWomen20192019 BB
200 Fly,Women,2019,2019 Invited,I,1:56.18,200 FlyWomen20192019 InvitedI
200 Free,Women,2019,2019 A,A,1:43.17,200 FreeWomen20192019 AA
200 Free,Women,2019,2019 B,B,1:47.12,200 FreeWomen20192019 BB
200 Free,Women,2019,2019 Invited,I,1:45.12,200 FreeWomen20192019 InvitedI
200 Free Relay,Women,2019,2019 A,A,1:28.61,200 Free RelayWomen20192019 AA
200 Free Relay,Women,2019,2019 B,B,1:29.36,200 Free RelayWomen20192019 BB
200 Free Relay,Women,2019,2019 Invited,I,1:29.36,200 Free RelayWomen20192019 InvitedI
200 IM,Women,2019,2019 A,A,1:54.31,200 IMWomen20192019 AA
200 IM,Women,2019,2019 B,B,1:59.94,200 IMWomen20192019 BB
200 IM,Women,2019,2019 Invited,I,1:56.76,200 IMWomen20192019 InvitedI
200 Medley Relay,Women,2019,2019 A,A,1:36.75,200 Medley RelayWomen20192019 AA
200 Medley Relay,Women,2019,2019 B,B,1:37.39,200 Medley RelayWomen20192019 BB
200 Medley Relay,Women,2019,2019 Invited,I,1:37.26,200 Medley RelayWomen20192019 InvitedI
400 Free Relay,Women,2019,2019 A,A,3:14.97,400 Free RelayWomen20192019 AA
400 Free Relay,Women,2019,2019 B,B,3:16.82,400 Free RelayWomen20192019 BB
400 Free Relay,Women,2019,2019 Invited,I,3:16.81,400 Free RelayWomen20192019 InvitedI
400 IM,Women,2019,2019 A,A,4:04.16,400 IMWomen20192019 AA
400 IM,Women,2019,2019 B,B,4:17.30,400 IMWomen20192019 BB
400 IM,Women,2019,2019 Invited,I,4:10.00,400 IMWomen20192019 InvitedI
400 Medley Relay,Women,2019,2019 A,A,3:32.20,400 Medley RelayWomen20192019 AA
400 Medley Relay,Women,2019,2019 B,B,3:34.35,400 Medley RelayWomen20192019 BB
400 Medley Relay,Women,2019,2019 Invited,I,3:34.28,400 Medley RelayWomen20192019 InvitedI
50 Free,Women,2019,2019 A,A,21.74,50 FreeWomen20192019 AA
50 Free,Women,2019,2019 B,B,22.76,50 FreeWomen20192019 BB
50 Free,Women,2019,2019 Invited,I,22.23,50 FreeWomen20192019 InvitedI
500 Free,Women,2019,2019 A,A,4:36.30,500 FreeWomen20192019 AA
500 Free,Women,2019,2019 B,B,4:47.20,500 FreeWomen20192019 BB
500 Free,Women,2019,2019 Invited,I,4:40.96,500 FreeWomen20192019 InvitedI
800 Free Relay,Women,2019,2019 A,A,7:02.52,800 Free RelayWomen20192019 AA
800 Free Relay,Women,2019,2019 B,B,7:06.19,800 Free RelayWomen20192019 BB
800 Free Relay,Women,2019,2019 Invited,I,7:05.52,800 Free RelayWomen20192019 InvitedI
100 Back,Men,2018,2018 A,A,45.25,100 BackMen20182018 AA
100 Back,Men,2018,2018 Invited,I,46.14,100 BackMen20182018 InvitedI
100 Breast,Men,2018,2018 A,A,51.74,100 BreastMen20182018 AA
100 Breast,Men,2018,2018 B,B,55.39,100 BreastMen20182018 BB
100 Breast,Men,2018,2018 Invited,I,52.76,100 BreastMen20182018 InvitedI
100 Fly,Men,2018,2018 A,A,45.49,100 FlyMen20182018 AA
100 Fly,Men,2018,2018 B,B,48.29,100 FlyMen20182018 BB
100 Fly,Men,2018,2018 Invited,I,45.89,100 FlyMen20182018 InvitedI
100 Free,Men,2018,2018 A,A,42.11,100 FreeMen20182018 AA
100 Free,Men,2018,2018 B,B,44.29,100 FreeMen20182018 BB
100 Free,Men,2018,2018 Invited,I,42.71,100 FreeMen20182018 InvitedI
1650 Free,Men,2018,2018 A,A,14:40.75,1650 FreeMen20182018 AA
1650 Free,Men,2018,2018 B,B,15:30.39,1650 FreeMen20182018 BB
1650 Free,Men,2018,2018 Invited,I,14:53.34,1650 FreeMen20182018 InvitedI
200 Back,Men,2018,2018 A,A,1:39.66,200 BackMen20182018 AA
200 Back,Men,2018,2018 B,B,1:46.39,200 BackMen20182018 BB
200 Back,Men,2018,2018 Invited,I,1:41.18,200 BackMen20182018 InvitedI
200 Breast,Men,2018,2018 A,A,1:52.94,200 BreastMen20182018 AA
200 Breast,Men,2018,2018 B,B,1:59.79,200 BreastMen20182018 BB
200 Breast,Men,2018,2018 Invited,I,1:54.49,200 BreastMen20182018 InvitedI
200 Fly,Men,2018,2018 A,A,1:41.44,200 FlyMen20182018 AA
200 Fly,Men,2018,2018 B,B,1:47.99,200 FlyMen20182018 BB
200 Fly,Men,2018,2018 Invited,I,1:42.52,200 FlyMen20182018 InvitedI
200 Free,Men,2018,2018 A,A,1:32.54,200 FreeMen20182018 AA
200 Free,Men,2018,2018 B,B,1:37.99,200 FreeMen20182018 BB
200 Free,Men,2018,2018 Invited,I,1:34.44,200 FreeMen20182018 InvitedI
200 IM,Men,2018,2018 A,A,1:41.88,200 IMMen20182018 AA
200 IM,Men,2018,2018 B,B,1:49.09,200 IMMen20182018 BB
200 IM,Men,2018,2018 Invited,I,1:44.03,200 IMMen20182018 InvitedI
400 IM,Men,2018,2018 A,A,3:39.95,400 IMMen20182018 AA
400 IM,Men,2018,2018 B,B,3:54.49,400 IMMen20182018 BB
400 IM,Men,2018,2018 Invited,I,3:43.89,400 IMMen20182018 InvitedI
50 Free,Men,2018,2018 A,A,19.05,50 FreeMen20182018 AA
50 Free,Men,2018,2018 B,B,20.19,50 FreeMen20182018 BB
50 Free,Men,2018,2018 Invited,I,19.36,50 FreeMen20182018 InvitedI
500 Free,Men,2018,2018 A,A,4:12.49,500 FreeMen20182018 AA
500 Free,Men,2018,2018 B,B,4:24.99,500 FreeMen20182018 BB
500 Free,Men,2018,2018 Invited,I,4:16.08,500 FreeMen20182018 InvitedI
100 Back,Women,2018,2018 A,A,51.16,100 BackWomen20182018 AA
100 Back,Women,2018,2018 B,B,55.09,100 BackWomen20182018 BB
100 Back,Women,2018,2018 Invited,I,52.54,100 BackWomen20182018 InvitedI
100 Breast,Women,2018,2018 A,A,58.85,100 BreastWomen20182018 AA
100 Breast,Women,2018,2018 B,B,1:02.49,100 BreastWomen20182018 BB
100 Breast,Women,2018,2018 Invited,I,1:00.11,100 BreastWomen20182018 InvitedI
100 Fly,Women,2018,2018 A,A,51.19,100 FlyWomen20182018 AA
100 Fly,Women,2018,2018 B,B,54.49,100 FlyWomen20182018 BB
100 Fly,Women,2018,2018 Invited,I,52.41,100 FlyWomen20182018 InvitedI
100 Free,Women,2018,2018 A,A,47.53,100 FreeWomen20182018 AA
100 Free,Women,2018,2018 B,B,49.99,100 FreeWomen20182018 BB
100 Free,Women,2018,2018 Invited,I,48.53,100 FreeWomen20182018 InvitedI
1650 Free,Women,2018,2018 A,A,15:53.50,1650 FreeWomen20182018 AA
1650 Free,Women,2018,2018 B,B,16:30.59,1650 FreeWomen20182018 BB
1650 Free,Women,2018,2018 Invited,I,16:12.53,1650 FreeWomen20182018 InvitedI
200 Back,Women,2018,2018 A,A,1:50.99,200 BackWomen20182018 AA
200 Back,Women,2018,2018 B,B,1:59.19,200 BackWomen20182018 BB
200 Back,Women,2018,2018 Invited,I,1:53.64,200 BackWomen20182018 InvitedI
200 Breast,Women,2018,2018 A,A,2:07.18,200 BreastWomen20182018 AA
200 Breast,Women,2018,2018 B,B,2:15.99,200 BreastWomen20182018 BB
200 Breast,Women,2018,2018 Invited,I,2:10.14,200 BreastWomen20182018 InvitedI
200 Fly,Women,2018,2018 A,A,1:53.80,200 FlyWomen20182018 AA
200 Fly,Women,2018,2018 B,B,1:59.59,200 FlyWomen20182018 BB
200 Fly,Women,2018,2018 Invited,I,1:55.99,200 FlyWomen20182018 InvitedI
200 Free,Women,2018,2018 A,A,1:43.30,200 FreeWomen20182018 AA
200 Free,Women,2018,2018 B,B,1:47.99,200 FreeWomen20182018 BB
200 Free,Women,2018,2018 Invited,I,1:44.90,200 FreeWomen20182018 InvitedI
200 Free Relay,Women,2018,2018 A,A,1:28.71,200 Free RelayWomen20182018 AA
200 Free Relay,Women,2018,2018 B,B,1:29.57,200 Free RelayWomen20182018 BB
200 Free Relay,Women,2018,2018 Invited,I,1:29.39,200 Free RelayWomen20182018 InvitedI
200 IM,Women,2018,2018 A,A,1:55.00,200 IMWomen20182018 AA
200 IM,Women,2018,2018 B,B,2:01.59,200 IMWomen20182018 BB
200 IM,Women,2018,2018 Invited,I,1:56.76,200 IMWomen20182018 InvitedI
200 Medley Relay,Women,2018,2018 A,A,1:36.89,200 Medley RelayWomen20182018 AA
200 Medley Relay,Women,2018,2018 B,B,1:37.51,200 Medley RelayWomen20182018 BB
200 Medley Relay,Women,2018,2018 Invited,I,1:37.45,200 Medley RelayWomen20182018 InvitedI
400 Free Relay,Women,2018,2018 A,A,3:15.43,400 Free RelayWomen20182018 AA
400 Free Relay,Women,2018,2018 B,B,3:16.93,400 Free RelayWomen20182018 BB
400 Free Relay,Women,2018,2018 Invited,I,3:16.78,400 Free RelayWomen20182018 InvitedI
400 IM,Women,2018,2018 A,A,4:04.70,400 IMWomen20182018 AA
400 IM,Women,2018,2018 B,B,4:19.39,400 IMWomen20182018 BB
400 IM,Women,2018,2018 Invited,I,4:09.75,400 IMWomen20182018 InvitedI
400 Medley Relay,Women,2018,2018 A,A,3:32.67,400 Medley RelayWomen20182018 AA
400 Medley Relay,Women,2018,2018 B,B,3:34.48,400 Medley RelayWomen20182018 BB
400 Medley Relay,Women,2018,2018 Invited,I,3:34.08,400 Medley RelayWomen20182018 InvitedI
50 Free,Women,2018,2018 A,A,21.80,50 FreeWomen20182018 AA
50 Free,Women,2018,2018 B,B,22.99,50 FreeWomen20182018 BB
50 Free,Women,2018,2018 Invited,I,22.30,50 FreeWomen20182018 InvitedI
500 Free,Women,2018,2018 A,A,4:36.30,500 FreeWomen20182018 AA
500 Free,Women,2018,2018 B,B,4:47.79,500 FreeWomen20182018 BB
500 Free,Women,2018,2018 Invited,I,4:40.50,500 FreeWomen20182018 InvitedI
800 Free Relay,Women,2018,2018 A,A,7:03.86,800 Free RelayWomen20182018 AA
800 Free Relay,Women,2018,2018 B,B,7:07.86,800 Free RelayWomen20182018 BB
800 Free Relay,Women,2018,2018 Invited,I,7:07.49,800 Free RelayWomen20182018 InvitedI
100 Back,Men,2017,2017 A,A,45.37,100 BackMen20172017 AA
100 Back,Men,2017,2017 B,B,48.49,100 BackMen20172017 BB
100 Back,Men,2017,2017 Invited,I,46.28,100 BackMen20172017 InvitedI
100 Breast,Men,2017,2017 A,A,51.93,100 BreastMen20172017 AA
100 Breast,Men,2017,2017 B,B,55.39,100 BreastMen20172017 BB
100 Breast,Men,2017,2017 Invited,I,52.62,100 BreastMen20172017 InvitedI
100 Fly,Men,2017,2017 A,A,45.73,100 FlyMen20172017 AA
100 Fly,Men,2017,2017 B,B,48.29,100 FlyMen20172017 BB
100 Fly,Men,2017,2017 Invited,I,46.10,100 FlyMen20172017 InvitedI
100 Free,Men,2017,2017 A,A,42.25,100 FreeMen20172017 AA
100 Free,Men,2017,2017 B,B,44.29,100 FreeMen20172017 BB
100 Free,Men,2017,2017 Invited,I,42.76,100 FreeMen20172017 InvitedI
1650 Free,Men,2017,2017 A,A,14:44.43,1650 FreeMen20172017 AA
1650 Free,Men,2017,2017 B,B,15:30.39,1650 FreeMen20172017 BB
1650 Free,Men,2017,2017 Invited,I,14:56.84,1650 FreeMen20172017 InvitedI
200 Back,Men,2017,2017 A,A,1:39.87,200 BackMen20172017 AA
200 Back,Men,2017,2017 B,B,1:46.39,200 BackMen20172017 BB
200 Back,Men,2017,2017 Invited,I,1:41.75,200 BackMen20172017 InvitedI
200 Breast,Men,2017,2017 A,A,1:52.99,200 BreastMen20172017 AA
200 Breast,Men,2017,2017 B,B,1:59.79,200 BreastMen20172017 BB
200 Breast,Men,2017,2017 Invited,I,1:54.54,200 BreastMen20172017 InvitedI
200 Fly,Men,2017,2017 A,A,1:41.86,200 FlyMen20172017 AA
200 Fly,Men,2017,2017 B,B,1:47.99,200 FlyMen20172017 BB
200 Fly,Men,2017,2017 Invited,I,1:43.09,200 FlyMen20172017 InvitedI
200 Free,Men,2017,2017 A,A,1:32.97,200 FreeMen20172017 AA
200 Free,Men,2017,2017 B,B,1:37.99,200 FreeMen20172017 BB
200 Free,Men,2017,2017 Invited,I,1:34.20,200 FreeMen20172017 InvitedI
200 Free Relay,Men,2017,2017 A,A,1:17.77,200 Free RelayMen20172017 AA
200 Free Relay,Men,2017,2017 B,B,1:18.46,200 Free RelayMen20172017 BB
200 Free Relay,Men,2017,2017 Invited,I,1:18.45,200 Free RelayMen20172017 InvitedI
200 IM,Men,2017,2017 A,A,1:42.15,200 IMMen20172017 AA
200 IM,Men,2017,2017 B,B,1:49.09,200 IMMen20172017 BB
200 IM,Men,2017,2017 Invited,I,1:44.34,200 IMMen20172017 InvitedI
200 Medley Relay,Men,2017,2017 A,A,1:25.05,200 Medley RelayMen20172017 AA
200 Medley Relay,Men,2017,2017 B,B,1:25.86,200 Medley RelayMen20172017 BB
200 Medley Relay,Men,2017,2017 Invited,I,1:25.52,200 Medley RelayMen20172017 InvitedI
400 Free Relay,Men,2017,2017 A,A,2:52.45,400 Free RelayMen20172017 AA
400 Free Relay,Men,2017,2017 B,B,2:53.68,400 Free RelayMen20172017 BB
400 Free Relay,Men,2017,2017 Invited,I,2:53.60,400 Free RelayMen20172017 InvitedI
400 IM,Men,2017,2017 A,A,3:40.76,400 IMMen20172017 AA
400 IM,Men,2017,2017 B,B,3:54.49,400 IMMen20172017 BB
400 IM,Men,2017,2017 Invited,I,3:44.92,400 IMMen20172017 InvitedI
400 Medley Relay,Men,2017,2017 A,A,3:07.75,400 Medley RelayMen20172017 AA
400 Medley Relay,Men,2017,2017 B,B,3:09.68,400 Medley RelayMen20172017 BB
400 Medley Relay,Men,2017,2017 Invited,I,3:09.36,400 Medley RelayMen20172017 InvitedI
50 Free,Men,2017,2017 A,A,19.09,50 FreeMen20172017 AA
50 Free,Men,2017,2017 B,B,20.19,50 FreeMen20172017 BB
50 Free,Men,2017,2017 Invited,I,19.43,50 FreeMen20172017 InvitedI
500 Free,Men,2017,2017 A,A,4:13.22,500 FreeMen20172017 AA
500 Free,Men,2017,2017 B,B,4:24.99,500 FreeMen20172017 BB
500 Free,Men,2017,2017 Invited,I,4:16.67,500 FreeMen20172017 InvitedI
800 Free Relay,Men,2017,2017 A,A,6:20.67,800 Free RelayMen20172017 AA
800 Free Relay,Men,2017,2017 B,B,6:24.50,800 Free RelayMen20172017 BB
800 Free Relay,Men,2017,2017 Invited,I,6:24.04,800 Free RelayMen20172017 InvitedI
100 Back,Women,2017,2017 A,A,51.45,100 BackWomen20172017 AA
100 Back,Women,2017,2017 B,B,55.09,100 BackWomen20172017 BB
100 Back,Women,2017,2017 Invited,I,52.65,100 BackWomen20172017 InvitedI
100 Breast,Women,2017,2017 A,A,59.04,100 BreastWomen20172017 AA
100 Breast,Women,2017,2017 B,B,1:02.49,100 BreastWomen20172017 BB
100 Breast,Women,2017,2017 Invited,I,1:00.34,100 BreastWomen20172017 InvitedI
100 Fly,Women,2017,2017 A,A,51.49,100 FlyWomen20172017 AA
100 Fly,Women,2017,2017 B,B,54.49,100 FlyWomen20172017 BB
100 Fly,Women,2017,2017 Invited,I,52.52,100 FlyWomen20172017 InvitedI
100 Free,Women,2017,2017 A,A,47.69,100 FreeWomen20172017 AA
100 Free,Women,2017,2017 B,B,49.99,100 FreeWomen20172017 BB
100 Free,Women,2017,2017 Invited,I,48.62,100 FreeWomen20172017 InvitedI
1650 Free,Women,2017,2017 A,A,15:53.50,1650 FreeWomen20172017 AA
1650 Free,Women,2017,2017 B,B,16:30.59,1650 FreeWomen20172017 BB
1650 Free,Women,2017,2017 Invited,I,16:16.41,1650 FreeWomen20172017 InvitedI
200 Back,Women,2017,2017 A,A,1:51.95,200 BackWomen20172017 AA
200 Back,Women,2017,2017 B,B,1:59.19,200 BackWomen20172017 BB
200 Back,Women,2017,2017 Invited,I,1:54.00,200 BackWomen20172017 InvitedI
200 Breast,Women,2017,2017 A,A,2:07.43,200 BreastWomen20172017 AA
200 Breast,Women,2017,2017 B,B,2:15.99,200 BreastWomen20172017 BB
200 Breast,Women,2017,2017 Invited,I,2:10.55,200 BreastWomen20172017 InvitedI
200 Fly,Women,2017,2017 A,A,1:54.01,200 FlyWomen20172017 AA
200 Fly,Women,2017,2017 B,B,1:59.59,200 FlyWomen20172017 BB
200 Fly,Women,2017,2017 Invited,I,1:56.60,200 FlyWomen20172017 InvitedI
200 Free,Women,2017,2017 A,A,1:43.63,200 FreeWomen20172017 AA
200 Free,Women,2017,2017 B,B,1:47.99,200 FreeWomen20172017 BB
200 Free,Women,2017,2017 Invited,I,1:45.44,200 FreeWomen20172017 InvitedI
200 Free Relay,Women,2017,2017 A,A,1:28.98,200 Free RelayWomen20172017 AA
200 Free Relay,Women,2017,2017 B,B,1:29.75,200 Free RelayWomen20172017 BB
200 Free Relay,Women,2017,2017 Invited,I,1:29.75,200 Free RelayWomen20172017 InvitedI
200 IM,Women,2017,2017 A,A,1:55.35,200 IMWomen20172017 AA
200 IM,Women,2017,2017 B,B,2:01.59,200 IMWomen20172017 BB
200 IM,Women,2017,2017 Invited,I,1:57.66,200 IMWomen20172017 InvitedI
200 Medley Relay,Women,2017,2017 A,A,1:37.21,200 Medley RelayWomen20172017 AA
200 Medley Relay,Women,2017,2017 B,B,1:37.71,200 Medley RelayWomen20172017 BB
200 Medley Relay,Women,2017,2017 Invited,I,1:37.67,200 Medley RelayWomen20172017 InvitedI
400 Free Relay,Women,2017,2017 A,A,3:15.78,400 Free RelayWomen20172017 AA
400 Free Relay,Women,2017,2017 B,B,3:17.11,400 Free RelayWomen20172017 BB
400 Free Relay,Women,2017,2017 Invited,I,3:16.99,400 Free RelayWomen20172017 InvitedI
400 IM,Women,2017,2017 A,A,4:05.36,400 IMWomen20172017 AA
400 IM,Women,2017,2017 B,B,4:19.39,400 IMWomen20172017 BB
400 IM,Women,2017,2017 Invited,I,4:10.86,400 IMWomen20172017 InvitedI
400 Medley Relay,Women,2017,2017 A,A,3:33.40,400 Medley RelayWomen20172017 AA
400 Medley Relay,Women,2017,2017 B,B,3:34.96,400 Medley RelayWomen20172017 BB
400 Medley Relay,Women,2017,2017 Invited,I,3:34.95,400 Medley RelayWomen20172017 InvitedI
50 Free,Women,2017,2017 A,A,21.80,50 FreeWomen20172017 AA
50 Free,Women,2017,2017 B,B,22.99,50 FreeWomen20172017 BB
50 Free,Women,2017,2017 Invited,I,22.23,50 FreeWomen20172017 InvitedI
500 Free,Women,2017,2017 A,A,4:36.30,500 FreeWomen20172017 AA
500 Free,Women,2017,2017 B,B,4:47.79,500 FreeWomen20172017 BB
500 Free,Women,2017,2017 Invited,I,4:41.84,500 FreeWomen20172017 InvitedI
800 Free Relay,Women,2017,2017 A,A,7:05.68,800 Free RelayWomen20172017 AA
800 Free Relay,Women,2017,2017 B,B,7:08.93,800 Free RelayWomen20172017 BB
800 Free Relay,Women,2017,2017 Invited,I,7:08.44,800 Free RelayWomen20172017 InvitedI
100 Back,Men,2016,2016 A,A,45.44,100 BackMen20162016 AA
100 Back,Men,2016,2016 B,B,48.49,100 BackMen20162016 BB
100 Back,Men,2016,2016 Invited,I,46.51,100 BackMen20162016 InvitedI
100 Breast,Men,2016,2016 A,A,52.08,100 BreastMen20162016 AA
100 Breast,Men,2016,2016 B,B,55.39,100 BreastMen20162016 BB
100 Breast,Men,2016,2016 Invited,I,52.92,100 BreastMen20162016 InvitedI
100 Fly,Men,2016,2016 A,A,45.85,100 FlyMen20162016 AA
100 Fly,Men,2016,2016 B,B,48.29,100 FlyMen20162016 BB
100 Fly,Men,2016,2016 Invited,I,46.44,100 FlyMen20162016 InvitedI
100 Free,Men,2016,2016 A,A,42.37,100 FreeMen20162016 AA
100 Free,Men,2016,2016 B,B,44.29,100 FreeMen20162016 BB
100 Free,Men,2016,2016 Invited,I,43.05,100 FreeMen20162016 InvitedI
1650 Free,Men,2016,2016 A,A,14:46.04,1650 FreeMen20162016 AA
1650 Free,Men,2016,2016 B,B,15:30.39,1650 FreeMen20162016 BB
1650 Free,Men,2016,2016 Invited,I,15:00.11,1650 FreeMen20162016 InvitedI
200 Back,Men,2016,2016 A,A,1:40.33,200 BackMen20162016 AA
200 Back,Men,2016,2016 B,B,1:46.39,200 BackMen20162016 BB
200 Back,Men,2016,2016 Invited,I,1:41.92,200 BackMen20162016 InvitedI
200 Breast,Men,2016,2016 A,A,1:53.07,200 BreastMen20162016 AA
200 Breast,Men,2016,2016 B,B,1:59.79,200 BreastMen20162016 BB
200 Breast,Men,2016,2016 Invited,I,1:55.31,200 BreastMen20162016 InvitedI
200 Fly,Men,2016,2016 A,A,1:42.34,200 FlyMen20162016 AA
200 Fly,Men,2016,2016 B,B,1:47.99,200 FlyMen20162016 BB
200 Fly,Men,2016,2016 Invited,I,1:43.65,200 FlyMen20162016 InvitedI
200 Free,Men,2016,2016 A,A,1:33.34,200 FreeMen20162016 AA
200 Free,Men,2016,2016 B,B,1:37.99,200 FreeMen20162016 BB
200 Free,Men,2016,2016 Invited,I,1:34.67,200 FreeMen20162016 InvitedI
200 Free Relay,Men,2016,2016 A,A,1:17.85,200 Free RelayMen20162016 AA
200 Free Relay,Men,2016,2016 B,B,1:18.49,200 Free RelayMen20162016 BB
200 IM,Men,2016,2016 A,A,1:42.51,200 IMMen20162016 AA
200 IM,Men,2016,2016 B,B,1:49.09,200 IMMen20162016 BB
200 IM,Men,2016,2016 Invited,I,1:44.41,200 IMMen20162016 InvitedI
200 Medley Relay,Men,2016,2016 A,A,1:25.30,200 Medley RelayMen20162016 AA
200 Medley Relay,Men,2016,2016 B,B,1:26.13,200 Medley RelayMen20162016 BB
400 Free Relay,Men,2016,2016 A,A,2:52.82,400 Free RelayMen20162016 AA
400 Free Relay,Men,2016,2016 B,B,2:54.20,400 Free RelayMen20162016 BB
400 IM,Men,2016,2016 A,A,3:41.15,400 IMMen20162016 AA
400 IM,Men,2016,2016 B,B,3:54.49,400 IMMen20162016 BB
400 IM,Men,2016,2016 Invited,I,3:45.61,400 IMMen20162016 InvitedI
400 Medley Relay,Men,2016,2016 A,A,3:08.33,400 Medley RelayMen20162016 AA
400 Medley Relay,Men,2016,2016 B,B,3:10.16,400 Medley RelayMen20162016 BB
50 Free,Men,2016,2016 A,A,19.18,50 FreeMen20162016 AA
50 Free,Men,2016,2016 B,B,20.19,50 FreeMen20162016 BB
50 Free,Men,2016,2016 Invited,I,19.53,50 FreeMen20162016 InvitedI
500 Free,Men,2016,2016 A,A,4:13.60,500 FreeMen20162016 AA
500 Free,Men,2016,2016 B,B,4:24.99,500 FreeMen20162016 BB
500 Free,Men,2016,2016 Invited,I,4:17.73,500 FreeMen20162016 InvitedI
800 Free Relay,Men,2016,2016 A,A,6:21.54,800 Free RelayMen20162016 AA
800 Free Relay,Men,2016,2016 B,B,6:25.06,800 Free RelayMen20162016 BB
100 Back,Women,2016,2016 A,A,51.51,100 BackWomen20162016 AA
100 Back,Women,2016,2016 B,B,55.09,100 BackWomen20162016 BB
100 Back,Women,2016,2016 Invited,I,52.93,100 BackWomen20162016 InvitedI
100 Breast,Women,2016,2016 A,A,59.04,100 BreastWomen20162016 AA
100 Breast,Women,2016,2016 B,B,1:02.49,100 BreastWomen20162016 BB
100 Breast,Women,2016,2016 Invited,I,1:00.66,100 BreastWomen20162016 InvitedI
100 Fly,Women,2016,2016 A,A,51.56,100 FlyWomen20162016 AA
100 Fly,Women,2016,2016 B,B,54.49,100 FlyWomen20162016 BB
100 Fly,Women,2016,2016 Invited,I,52.77,100 FlyWomen20162016 InvitedI
100 Free,Women,2016,2016 A,A,47.79,100 FreeWomen20162016 AA
100 Free,Women,2016,2016 B,B,49.99,100 FreeWomen20162016 BB
100 Free,Women,2016,2016 Invited,I,48.77,100 FreeWomen20162016 InvitedI
1650 Free,Women,2016,2016 A,A,15:53.50,1650 FreeWomen20162016 AA
1650 Free,Women,2016,2016 B,B,16:30.59,1650 FreeWomen20162016 BB
1650 Free,Women,2016,2016 Invited,I,16:17.64,1650 FreeWomen20162016 InvitedI
200 Back,Women,2016,2016 A,A,1:51.95,200 BackWomen20162016 AA
200 Back,Women,2016,2016 B,B,1:59.19,200 BackWomen20162016 BB
200 Back,Women,2016,2016 Invited,I,1:54.47,200 BackWomen20162016 InvitedI
200 Breast,Women,2016,2016 A,A,2:07.42,200 BreastWomen20162016 AA
200 Breast,Women,2016,2016 B,B,2:15.99,200 BreastWomen20162016 BB
200 Breast,Women,2016,2016 Invited,I,2:10.89,200 BreastWomen20162016 InvitedI
200 Fly,Women,2016,2016 A,A,1:54.22,200 FlyWomen20162016 AA
200 Fly,Women,2016,2016 B,B,1:59.59,200 FlyWomen20162016 BB
200 Fly,Women,2016,2016 Invited,I,1:57.02,200 FlyWomen20162016 InvitedI
200 Free,Women,2016,2016 A,A,1:43.82,200 FreeWomen20162016 AA
200 Free,Women,2016,2016 B,B,1:47.99,200 FreeWomen20162016 BB
200 Free,Women,2016,2016 Invited,I,1:45.84,200 FreeWomen20162016 InvitedI
200 Free Relay,Women,2016,2016 A,A,1:29.16,200 Free RelayWomen20162016 AA
200 Free Relay,Women,2016,2016 B,B,1:29.90,200 Free RelayWomen20162016 BB
200 Free Relay,Women,2016,2016 Invited,I,1:29.80,200 Free RelayWomen20162016 InvitedI
200 IM,Women,2016,2016 A,A,1:55.35,200 IMWomen20162016 AA
200 IM,Women,2016,2016 B,B,2:01.59,200 IMWomen20162016 BB
200 IM,Women,2016,2016 Invited,I,1:57.90,200 IMWomen20162016 InvitedI
200 Medley Relay,Women,2016,2016 A,A,1:37.46,200 Medley RelayWomen20162016 AA
200 Medley Relay,Women,2016,2016 B,B,1:37.96,200 Medley RelayWomen20162016 BB
200 Medley Relay,Women,2016,2016 Invited,I,1:37.89,200 Medley RelayWomen20162016 InvitedI
400 Free Relay,Women,2016,2016 A,A,3:16.15,400 Free RelayWomen20162016 AA
400 Free Relay,Women,2016,2016 B,B,3:17.59,400 Free RelayWomen20162016 BB
400 Free Relay,Women,2016,2016 Invited,I,3:17.59,400 Free RelayWomen20162016 InvitedI
400 IM,Women,2016,2016 A,A,4:05.37,400 IMWomen20162016 AA
400 IM,Women,2016,2016 B,B,4:19.39,400 IMWomen20162016 BB
400 IM,Women,2016,2016 Invited,I,4:11.05,400 IMWomen20162016 InvitedI
400 Medley Relay,Women,2016,2016 A,A,3:33.89,400 Medley RelayWomen20162016 AA
400 Medley Relay,Women,2016,2016 B,B,3:35.31,400 Medley RelayWomen20162016 BB
400 Medley Relay,Women,2016,2016 Invited,I,3:35.26,400 Medley RelayWomen20162016 InvitedI
50 Free,Women,2016,2016 A,A,21.86,50 FreeWomen20162016 AA
50 Free,Women,2016,2016 B,B,22.99,50 FreeWomen20162016 BB
50 Free,Women,2016,2016 Invited,I,22.35,50 FreeWomen20162016 InvitedI
500 Free,Women,2016,2016 A,A,4:36.30,500 FreeWomen20162016 AA
500 Free,Women,2016,2016 B,B,4:47.79,500 FreeWomen20162016 BB
500 Free,Women,2016,2016 Invited,I,4:42.58,500 FreeWomen20162016 InvitedI
800 Free Relay,Women,2016,2016 A,A,7:06.77,800 Free RelayWomen20162016 AA
800 Free Relay,Women,2016,2016 B,B,7:09.96,800 Free RelayWomen20162016 BB
800 Free Relay,Women,2016,2016 Invited,I,7:09.67,800 Free RelayWomen20162016 InvitedI
100 Back,Men,2015,2015 A,A,45.62,100 BackMen20152015 AA
100 Back,Men,2015,2015 B,B,48.49,100 BackMen20152015 BB
100 Back,Men,2015,2015 Invited,I,46.46,100 BackMen20152015 InvitedI
100 Breast,Men,2015,2015 A,A,52.29,100 BreastMen20152015 AA
100 Breast,Men,2015,2015 B,B,55.39,100 BreastMen20152015 BB
100 Breast,Men,2015,2015 Invited,I,52.97,100 BreastMen20152015 InvitedI
100 Fly,Men,2015,2015 A,A,45.91,100 FlyMen20152015 AA
100 Fly,Men,2015,2015 B,B,48.29,100 FlyMen20152015 BB
100 Fly,Men,2015,2015 Invited,I,46.37,100 FlyMen20152015 InvitedI
100 Free,Men,2015,2015 A,A,42.51,100 FreeMen20152015 AA
100 Free,Men,2015,2015 B,B,44.29,100 FreeMen20152015 BB
100 Free,Men,2015,2015 Invited,I,42.94,100 FreeMen20152015 InvitedI
1650 Free,Men,2015,2015 A,A,14:46.26,1650 FreeMen20152015 AA
1650 Free,Men,2015,2015 B,B,15:30.39,1650 FreeMen20152015 BB
1650 Free,Men,2015,2015 Invited,I,14:59.20,1650 FreeMen20152015 InvitedI
200 Back,Men,2015,2015 A,A,1:40.88,200 BackMen20152015 AA
200 Back,Men,2015,2015 B,B,1:46.39,200 BackMen20152015 BB
200 Back,Men,2015,2015 Invited,I,1:41.95,200 BackMen20152015 InvitedI
200 Breast,Men,2015,2015 A,A,1:53.68,200 BreastMen20152015 AA
200 Breast,Men,2015,2015 B,B,1:59.79,200 BreastMen20152015 BB
200 Breast,Men,2015,2015 Invited,I,1:55.04,200 BreastMen20152015 InvitedI
200 Fly,Men,2015,2015 A,A,1:42.85,200 FlyMen20152015 AA
200 Fly,Men,2015,2015 B,B,1:47.99,200 FlyMen20152015 BB
200 Fly,Men,2015,2015 Invited,I,1:43.74,200 FlyMen20152015 InvitedI
200 Free,Men,2015,2015 A,A,1:33.62,200 FreeMen20152015 AA
200 Free,Men,2015,2015 B,B,1:37.99,200 FreeMen20152015 BB
200 Free,Men,2015,2015 Invited,I,1:34.54,200 FreeMen20152015 InvitedI
200 Free Relay,Men,2015,2015 A,A,1:18.02,200 Free RelayMen20152015 AA
200 Free Relay,Men,2015,2015 B,B,1:18.62,200 Free RelayMen20152015 BB
200 Free Relay,Men,2015,2015 Invited,I,1:18.57,200 Free RelayMen20152015 InvitedI
200 IM,Men,2015,2015 A,A,1:42.76,200 IMMen20152015 AA
200 IM,Men,2015,2015 B,B,1:49.09,200 IMMen20152015 BB
200 IM,Men,2015,2015 Invited,I,1:44.58,200 IMMen20152015 InvitedI
200 Medley Relay,Men,2015,2015 A,A,1:25.63,200 Medley RelayMen20152015 AA
200 Medley Relay,Men,2015,2015 B,B,1:26.58,200 Medley RelayMen20152015 BB
200 Medley Relay,Men,2015,2015 Invited,I,1:26.55,200 Medley RelayMen20152015 InvitedI
400 Free Relay,Men,2015,2015 A,A,2:53.11,400 Free RelayMen20152015 AA
400 Free Relay,Men,2015,2015 B,B,2:54.66,400 Free RelayMen20152015 BB
400 Free Relay,Men,2015,2015 Invited,I,2:54.22,400 Free RelayMen20152015 InvitedI
400 IM,Men,2015,2015 A,A,3:42.40,400 IMMen20152015 AA
400 IM,Men,2015,2015 B,B,3:54.49,400 IMMen20152015 BB
400 IM,Men,2015,2015 Invited,I,3:45.34,400 IMMen20152015 InvitedI
400 Medley Relay,Men,2015,2015 A,A,3:09.40,400 Medley RelayMen20152015 AA
400 Medley Relay,Men,2015,2015 B,B,3:11.03,400 Medley RelayMen20152015 BB
400 Medley Relay,Men,2015,2015 Invted,I,3:10.06,400 Medley RelayMen20152015 InvtedI
50 Free,Men,2015,2015 A,A,19.25,50 FreeMen20152015 AA
50 Free,Men,2015,2015 B,B,20.19,50 FreeMen20152015 BB
50 Free,Men,2015,2015 Invited,I,19.52,50 FreeMen20152015 InvitedI
500 Free,Men,2015,2015 A,A,4:14.59,500 FreeMen20152015 AA
500 Free,Men,2015,2015 B,B,4:24.99,500 FreeMen20152015 BB
500 Free,Men,2015,2015 Invited,I,4:17.15,500 FreeMen20152015 InvitedI
800 Free Relay,Men,2015,2015 A,A,6:22.81,800 Free RelayMen20152015 AA
800 Free Relay,Men,2015,2015 B,B,6:26.33,800 Free RelayMen20152015 BB
800 Free Relay,Men,2015,2015 Invited,I,6:25.39,800 Free RelayMen20152015 InvitedI
100 Back,Women,2015,2015 A,A,51.63,100 BackWomen20152015 AA
100 Back,Women,2015,2015 B,B,55.09,100 BackWomen20152015 BB
100 Back,Women,2015,2015 Invited,I,52.97,100 BackWomen20152015 InvitedI
100 Breast,Women,2015,2015 A,A,59.12,100 BreastWomen20152015 AA
100 Breast,Women,2015,2015 B,B,1:02.49,100 BreastWomen20152015 BB
100 Breast,Women,2015,2015 Invited,I,1:00.68,100 BreastWomen20152015 InvitedI
100 Fly,Women,2015,2015 A,A,51.7,100 FlyWomen20152015 AA
100 Fly,Women,2015,2015 B,B,54.49,100 FlyWomen20152015 BB
100 Fly,Women,2015,2015 Invited,I,52.79,100 FlyWomen20152015 InvitedI
100 Free,Women,2015,2015 A,A,47.85,100 FreeWomen20152015 AA
100 Free,Women,2015,2015 B,B,49.99,100 FreeWomen20152015 BB
100 Free,Women,2015,2015 Invited,I,48.88,100 FreeWomen20152015 InvitedI
1650 Free,Women,2015,2015 A,A,15:56.18,1650 FreeWomen20152015 AA
1650 Free,Women,2015,2015 B,B,16:30.59,1650 FreeWomen20152015 BB
1650 Free,Women,2015,2015 Invited,I,16:17.36,1650 FreeWomen20152015 InvitedI
200 Back,Women,2015,2015 A,A,1:52.52,200 BackWomen20152015 AA
200 Back,Women,2015,2015 B,B,1:59.19,200 BackWomen20152015 BB
200 Back,Women,2015,2015 Invited,I,1:54.63,200 BackWomen20152015 InvitedI
200 Breast,Women,2015,2015 A,A,2:07.70,200 BreastWomen20152015 AA
200 Breast,Women,2015,2015 B,B,2:15.99,200 BreastWomen20152015 BB
200 Breast,Women,2015,2015 Invited,I,2:11.23,200 BreastWomen20152015 InvitedI
200 Fly,Women,2015,2015 A,A,1:54.45,200 FlyWomen20152015 AA
200 Fly,Women,2015,2015 B,B,1:59.59,200 FlyWomen20152015 BB
200 Fly,Women,2015,2015 Invited,I,1:56.92,200 FlyWomen20152015 InvitedI
200 Free,Women,2015,2015 A,A,1:43.90,200 FreeWomen20152015 AA
200 Free,Women,2015,2015 B,B,1:47.99,200 FreeWomen20152015 BB
200 Free,Women,2015,2015 Invited,I,1:45.99,200 FreeWomen20152015 InvitedI
200 Free Relay,Women,2015,2015 A,A,1:29.49,200 Free RelayWomen20152015 AA
200 Free Relay,Women,2015,2015 B,B,1:30.17,200 Free RelayWomen20152015 BB
200 IM,Women,2015,2015 A,A,1:55.35,200 IMWomen20152015 AA
200 IM,Women,2015,2015 B,B,2:01.59,200 IMWomen20152015 BB
200 IM,Women,2015,2015 Invited,I,1:58.13,200 IMWomen20152015 InvitedI
200 Medley Relay,Women,2015,2015 A,A,1:37.84,200 Medley RelayWomen20152015 AA
200 Medley Relay,Women,2015,2015 B,B,1:38.45,200 Medley RelayWomen20152015 BB
400 Free Relay,Women,2015,2015 A,A,3:16.41,400 Free RelayWomen20152015 AA
400 Free Relay,Women,2015,2015 B,B,3:18.11,400 Free RelayWomen20152015 BB
400 IM,Women,2015,2015 A,A,4:05.37,400 IMWomen20152015 AA
400 IM,Women,2015,2015 B,B,4:19.39,400 IMWomen20152015 BB
400 IM,Women,2015,2015 Invited,I,4:12.11,400 IMWomen20152015 InvitedI
400 Medley Relay,Women,2015,2015 A,A,3:34.25,400 Medley RelayWomen20152015 AA
400 Medley Relay,Women,2015,2015 B,B,3:35.87,400 Medley RelayWomen20152015 BB
50 Free,Women,2015,2015 A,A,21.9,50 FreeWomen20152015 AA
50 Free,Women,2015,2015 B,B,22.99,50 FreeWomen20152015 BB
50 Free,Women,2015,2015 Invited,I,22.39,50 FreeWomen20152015 InvitedI
500 Free,Women,2015,2015 A,A,4:36.45,500 FreeWomen20152015 AA
500 Free,Women,2015,2015 B,B,4:47.79,500 FreeWomen20152015 BB
500 Free,Women,2015,2015 Invited,I,4:42.73,500 FreeWomen20152015 InvitedI
800 Free Relay,Women,2015,2015 A,A,7:07.20,800 Free RelayWomen20152015 AA
800 Free Relay,Women,2015,2015 B,B,7:11.28,800 Free RelayWomen20152015 BB
100 Back,Men,2014,2014 A,A,45.87,100 BackMen20142014 AA
100 Back,Men,2014,2014 B,B,48.49,100 BackMen20142014 BB
100 Back,Men,2014,2014 Invited,I,46.57,100 BackMen20142014 InvitedI
100 Breast,Men,2014,2014 A,A,52.54,100 BreastMen20142014 AA
100 Breast,Men,2014,2014 B,B,55.39,100 BreastMen20142014 BB
100 Breast,Men,2014,2014 Invited,I,53.23,100 BreastMen20142014 InvitedI
100 Fly,Men,2014,2014 A,A,45.93,100 FlyMen20142014 AA
100 Fly,Men,2014,2014 B,B,48.29,100 FlyMen20142014 BB
100 Fly,Men,2014,2014 Invited,I,46.58,100 FlyMen20142014 InvitedI
100 Free,Men,2014,2014 A,A,42.54,100 FreeMen20142014 AA
100 Free,Men,2014,2014 B,B,44.29,100 FreeMen20142014 BB
100 Free,Men,2014,2014 Invited,I,42.98,100 FreeMen20142014 InvitedI
1650 Free,Men,2014,2014 A,A,14:47.19,1650 FreeMen20142014 AA
1650 Free,Men,2014,2014 B,B,15:30.39,1650 FreeMen20142014 BB
1650 Free,Men,2014,2014 Invited,I,15:03.42,1650 FreeMen20142014 InvitedI
200 Back,Men,2014,2014 A,A,1:41.41,200 BackMen20142014 AA
200 Back,Men,2014,2014 B,B,1:46.39,200 BackMen20142014 BB
200 Back,Men,2014,2014 Invited,I,1:42.41,200 BackMen20142014 InvitedI
200 Breast,Men,2014,2014 A,A,1:54.10,200 BreastMen20142014 AA
200 Breast,Men,2014,2014 B,B,1:59.79,200 BreastMen20142014 BB
200 Breast,Men,2014,2014 Invited,I,1:55.64,200 BreastMen20142014 InvitedI
200 Fly,Men,2014,2014 A,A,1:43.05,200 FlyMen20142014 AA
200 Fly,Men,2014,2014 B,B,1:47.99,200 FlyMen20142014 BB
200 Fly,Men,2014,2014 Invited,I,1:43.81,200 FlyMen20142014 InvitedI
200 Free,Men,2014,2014 A,A,1:33.58,200 FreeMen20142014 AA
200 Free,Men,2014,2014 B,B,1:37.99,200 FreeMen20142014 BB
200 Free,Men,2014,2014 Invited,I,1:34.71,200 FreeMen20142014 InvitedI
200 Free Relay,Men,2014,2014 A,A,1:18.16,200 Free RelayMen20142014 AA
200 Free Relay,Men,2014,2014 B,B,1:18.83,200 Free RelayMen20142014 BB
200 Free Relay,Men,2014,2014 Invited,I,1:18.74,200 Free RelayMen20142014 InvitedI
200 IM,Men,2014,2014 A,A,1:43.38,200 IMMen20142014 AA
200 IM,Men,2014,2014 B,B,1:49.09,200 IMMen20142014 BB
200 IM,Men,2014,2014 Invited,I,1:44.71,200 IMMen20142014 InvitedI
200 Medley Relay,Men,2014,2014 A,A,1:26.08,200 Medley RelayMen20142014 AA
200 Medley Relay,Men,2014,2014 B,B,1:27.14,200 Medley RelayMen20142014 BB
200 Medley Relay,Men,2014,2014 Invited,I,1:27.10,200 Medley RelayMen20142014 InvitedI
400 Free Relay,Men,2014,2014 A,A,2:53.48,400 Free RelayMen20142014 AA
400 Free Relay,Men,2014,2014 B,B,2:55.14,400 Free RelayMen20142014 BB
400 Free Relay,Men,2014,2014 Invited,I,2:55.10,400 Free RelayMen20142014 InvitedI
400 IM,Men,2014,2014 A,A,3:43.48,400 IMMen20142014 AA
400 IM,Men,2014,2014 B,B,3:54.49,400 IMMen20142014 BB
400 IM,Men,2014,2014 Invited,I,3:45.64,400 IMMen20142014 InvitedI
400 Medley Relay,Men,2014,2014 A,A,3:10.26,400 Medley RelayMen20142014 AA
400 Medley Relay,Men,2014,2014 B,B,3:12.00,400 Medley RelayMen20142014 BB
400 Medley Relay,Men,2014,2014 Invited,I,3:11.73,400 Medley RelayMen20142014 InvitedI
50 Free,Men,2014,2014 A,A,19.32,50 FreeMen20142014 AA
50 Free,Men,2014,2014 B,B,20.19,50 FreeMen20142014 BB
50 Free,Men,2014,2014 Invited,I,19.47,50 FreeMen20142014 InvitedI
500 Free,Men,2014,2014 A,A,4:15.29,500 FreeMen20142014 AA
500 Free,Men,2014,2014 B,B,4:24.99,500 FreeMen20142014 BB
500 Free,Men,2014,2014 Invited,I,4:18.31,500 FreeMen20142014 InvitedI
800 Free Relay,Men,2014,2014 A,A,6:24.19,800 Free RelayMen20142014 AA
800 Free Relay,Men,2014,2014 B,B,6:28.05,800 Free RelayMen20142014 BB
800 Free Relay,Men,2014,2014 Invited,I,6:26.87,800 Free RelayMen20142014 InvitedI
100 Back,Women,2014,2014 A,A,51.97,100 BackWomen20142014 AA
100 Back,Women,2014,2014 B,B,55.09,100 BackWomen20142014 BB
100 Back,Women,2014,2014 Invited,I,53.20,100 BackWomen20142014 InvitedI
100 Breast,Women,2014,2014 A,A,59.19,100 BreastWomen20142014 AA
100 Breast,Women,2014,2014 B,B,1:02.49,100 BreastWomen20142014 BB
100 Breast,Women,2014,2014 Invited,I,1:00.78,100 BreastWomen20142014 InvitedI
100 Fly,Women,2014,2014 A,A,51.90,100 FlyWomen20142014 AA
100 Fly,Women,2014,2014 B,B,54.49,100 FlyWomen20142014 BB
100 Fly,Women,2014,2014 Invited,I,52.92,100 FlyWomen20142014 InvitedI
100 Free,Women,2014,2014 A,A,47.96,100 FreeWomen20142014 AA
100 Free,Women,2014,2014 B,B,49.99,100 FreeWomen20142014 BB
100 Free,Women,2014,2014 Invited,I,48.82,100 FreeWomen20142014 InvitedI
1650 Free,Women,2014,2014 A,A,15:58.41,1650 FreeWomen20142014 AA
1650 Free,Women,2014,2014 B,B,16:30.59,1650 FreeWomen20142014 BB
1650 Free,Women,2014,2014 Invited,I,16:20.32,1650 FreeWomen20142014 InvitedI
200 Back,Women,2014,2014 A,A,1:52.71,200 BackWomen20142014 AA
200 Back,Women,2014,2014 B,B,1:59.19,200 BackWomen20142014 BB
200 Back,Women,2014,2014 Invited,I,1:55.19,200 BackWomen20142014 InvitedI
200 Breast,Women,2014,2014 A,A,2:08.29,200 BreastWomen20142014 AA
200 Breast,Women,2014,2014 B,B,2:15.99,200 BreastWomen20142014 BB
200 Breast,Women,2014,2014 Invited,I,2:11.22,200 BreastWomen20142014 InvitedI
200 Fly,Women,2014,2014 A,A,1:54.54,200 FlyWomen20142014 AA
200 Fly,Women,2014,2014 B,B,1:59.59,200 FlyWomen20142014 BB
200 Fly,Women,2014,2014 Invited,I,1:56.79,200 FlyWomen20142014 InvitedI
200 Free,Women,2014,2014 A,A,1:43.91,200 FreeWomen20142014 AA
200 Free,Women,2014,2014 B,B,1:47.99,200 FreeWomen20142014 BB
200 Free,Women,2014,2014 Invited,I,1:46.03,200 FreeWomen20142014 InvitedI
200 Free Relay,Women,2014,2014 A,A,1:29.65,200 Free RelayWomen20142014 AA
200 Free Relay,Women,2014,2014 B,B,1:30.43,200 Free RelayWomen20142014 BB
200 Free Relay,Women,2014,2014 Invited,I,1:30.35,200 Free RelayWomen20142014 InvitedI
200 IM,Women,2014,2014 A,A,1:55.72,200 IMWomen20142014 AA
200 IM,Women,2014,2014 B,B,2:01.59,200 IMWomen20142014 BB
200 IM,Women,2014,2014 Invited,I,1:58.13,200 IMWomen20142014 InvitedI
200 Medley Relay,Women,2014,2014 A,A,1:38.01,200 Medley RelayWomen20142014 AA
200 Medley Relay,Women,2014,2014 B,B,1:38.81,200 Medley RelayWomen20142014 BB
200 Medley Relay,Women,2014,2014 Invited,I,1:38.58,200 Medley RelayWomen20142014 InvitedI
400 Free Relay,Women,2014,2014 A,A,3:16.84,400 Free RelayWomen20142014 AA
400 Free Relay,Women,2014,2014 B,B,3:18.99,400 Free RelayWomen20142014 BB
400 Free Relay,Women,2014,2014 Invited,I,3:36.19,400 Free RelayWomen20142014 InvitedI
400 IM,Women,2014,2014 A,A,4:05.44,400 IMWomen20142014 AA
400 IM,Women,2014,2014 B,B,4:19.39,400 IMWomen20142014 BB
400 IM,Women,2014,2014 Invited,I,4:12.63,400 IMWomen20142014 InvitedI
400 Medley Relay,Women,2014,2014 A,A,3:34.65,400 Medley RelayWomen20142014 AA
400 Medley Relay,Women,2014,2014 B,B,3:36.46,400 Medley RelayWomen20142014 BB
400 Medley Relay,Women,2014,2014 Invited,I,3:35.79,400 Medley RelayWomen20142014 InvitedI
50 Free,Women,2014,2014 A,A,21.99,50 FreeWomen20142014 AA
50 Free,Women,2014,2014 B,B,22.99,50 FreeWomen20142014 BB
50 Free,Women,2014,2014 Invited,I,22.40,50 FreeWomen20142014 InvitedI
500 Free,Women,2014,2014 A,A,4:37.01,500 FreeWomen20142014 AA
500 Free,Women,2014,2014 B,B,4:47.79,500 FreeWomen20142014 BB
500 Free,Women,2014,2014 Invited,I,4:42.79,500 FreeWomen20142014 InvitedI
800 Free Relay,Women,2014,2014 A,A,7:07.31,800 Free RelayWomen20142014 AA
800 Free Relay,Women,2014,2014 B,B,7:12.21,800 Free RelayWomen20142014 BB
800 Free Relay,Women,2014,2014 Invited,I,7:11.92,800 Free RelayWomen20142014 InvitedI